Workbook

Sheet Sheet4

Sheet Invoice & CN Not in Customer
A1: Document Number | B1: Document Type | C1: Document Date | D1: Reference | E1: Document Currency Key | F1: Document Currency Value | G1: Company Code Currency Key | H1: Company Code Currency Value | I1: Text
A2: 1800005707 | B2: DR | C2: 45751 | D2: 256779410599 | E2: USD | F2: 2.55 | G2: INR | H2: 221.65 | I2: Storage charges for Jan 2025
A3: 1800002328 | B3: DR | C3: 45733 | D3: 246779411993 | E3: USD | F3: 18.69 | G3: INR | H3: 1620.26 | I3: VAS Activity Charges for the month of December, 24
A4: 1800002329 | B4: DR | C4: 45733 | D4: 246779411994 | E4: USD | F4: 18.69 | G4: INR | H4: 1620.26 | I4: VAS Activity Charges for the month of December, 24
A5: 1800002330 | B5: DR | C5: 45733 | D5: 246779411995 | E5: USD | F5: 18.69 | G5: INR | H5: 1620.26 | I5: VAS Activity Charges for the month of December, 24
A6: 1800002331 | B6: DR | C6: 45733 | D6: 246779411996 | E6: USD | F6: 18.69 | G6: INR | H6: 1620.26 | I6: VAS Activity Charges for the month of December, 24
A7: 1800006091 | B7: DR | C7: 45762 | D7: 256779410982 | E7: USD | F7: 31.27 | G7: INR | H7: 2718.05 | I7: LCL Charges August 2024
A8: 1800006938 | B8: DR | C8: 45763 | D8: 256779411829 | E8: USD | F8: 2.95 | G8: INR | H8: 256.42 | I8: Outbound Handling charges for Dec 2024
A9: 1800004208 | B9: DR | C9: 45736 | D9: 246779414076 | E9: USD | F9: 4.87 | G9: INR | H9: 422.19 | I9: Inbound Handling charges for Sep 2024
A10: 1800004209 | B10: DR | C10: 45736 | D10: 246779414077 | E10: USD | F10: 28.32 | G10: INR | H10: 2455.1 | I10: LCL charges for Sep 2024
A11: 1800004471 | B11: DR | C11: 45736 | D11: 246779414339 | E11: USD | F11: 7.43 | G11: INR | H11: 644.12 | I11: Inbound Handling charges for Nov 2024
A12: 1800004472 | B12: DR | C12: 45736 | D12: 246779414340 | E12: USD | F12: 28.32 | G12: INR | H12: 2455.1 | I12: LCL Movement Charges for Nov 2024
A13: 1800004305 | B13: DR | C13: 45736 | D13: 246779414173 | E13: USD | F13: 2.95 | G13: INR | H13: 255.74 | I13: Outbound Handling charges for Sep 2024
... A101: 1600002237 | B101: DG | C101: 45919 | D101: 256779421792 | E101: USD | F101: -26.77 | G101: INR | H101: -2342.76 | I101: Credit note against -246779413885
F102: =SUM(F2:F101) -> 346.05

Sheet Ascendus Data
A1: Document Number | B1: Document Type | C1: Document Date | D1: Document Header Text | E1: Reference | F1: Document Currency Key | G1: Document Currency Value | H1: Company Code Currency Key | I1: Company Code Currency Value | J1: Xlookup | L1: TDS | M1: Text | N1: Clearing Document
A2: 1400000032 | B2: DZ | C2: 45811 | D2: 2.0250327e+15 | F2: USD | G2: -33.82 | H2: INR | I2: -2939.7 | J2: =_xlfn.XLOOKUP(E2,'Customer Data'!$A:$A,'Customer Data'!$C:$C,,0) -> #N/A | M2: 2025032700149723 | N2: 1400000032
A3: 1400000032 | B3: DZ | C3: 45811 | D3: 2.0250327e+15 | F3: USD | G3: -194.93 | H3: INR | I3: -16904.64 | J3: =_xlfn.XLOOKUP(E3,'Customer Data'!$A:$A,'Customer Data'!$C:$C,,0) -> #N/A | M3: 2025032700149723 | N3: 1400000032
A4: 1800005707 | B4: DR | C4: 45751 | D4: NA | E4: 256779410599 | F4: USD | G4: 2.55 | H4: INR | I4: 221.65 | J4: =_xlfn.XLOOKUP(E4,'Customer Data'!$A:$A,'Customer Data'!$C:$C,,0) -> #N/A | M4: Storage charges for Jan 2025 | N4: 1400000032
A5: 1800002328 | B5: DR | C5: 45733 | D5: NA | E5: 246779411993 | F5: USD | G5: 18.69 | H5: INR | I5: 1620.26 | J5: =_xlfn.XLOOKUP(E5,'Customer Data'!$A:$A,'Customer Data'!$C:$C,,0) -> #N/A | M5: VAS Activity Charges for the month of December, 24 | N5: 1400000032
A6: 1800002329 | B6: DR | C6: 45733 | D6: NA | E6: 246779411994 | F6: USD | G6: 18.69 | H6: INR | I6: 1620.26 | J6: =_xlfn.XLOOKUP(E6,'Customer Data'!$A:$A,'Customer Data'!$C:$C,,0) -> #N/A | M6: VAS Activity Charges for the month of December, 24 | N6: 1400000032
A7: 1800002330 | B7: DR | C7: 45733 | D7: NA | E7: 246779411995 | F7: USD | G7: 18.69 | H7: INR | I7: 1620.26 | J7: =_xlfn.XLOOKUP(E7,'Customer Data'!$A:$A,'Customer Data'!$C:$C,,0) -> #N/A | M7: VAS Activity Charges for the month of December, 24 | N7: 1400000032
A8: 1800002331 | B8: DR | C8: 45733 | D8: NA | E8: 246779411996 | F8: USD | G8: 18.69 | H8: INR | I8: 1620.26 | J8: =_xlfn.XLOOKUP(E8,'Customer Data'!$A:$A,'Customer Data'!$C:$C,,0) -> #N/A | M8: VAS Activity Charges for the month of December, 24 | N8: 1400000032
A9: 1800006091 | B9: DR | C9: 45762 | D9: NA | E9: 256779410982 | F9: USD | G9: 31.27 | H9: INR | I9: 2718.05 | J9: =_xlfn.XLOOKUP(E9,'Customer Data'!$A:$A,'Customer Data'!$C:$C,,0) -> #N/A | M9: LCL Charges August 2024 | N9: 1400000032
A10: 1800006938 | B10: DR | C10: 45763 | D10: NA | E10: 256779411829 | F10: USD | G10: 2.95 | H10: INR | I10: 256.42 | J10: =_xlfn.XLOOKUP(E10,'Customer Data'!$A:$A,'Customer Data'!$C:$C,,0) -> #N/A | M10: Outbound Handling charges for Dec 2024 | N10: 1400000032
A11: 1800004208 | B11: DR | C11: 45736 | D11: NA | E11: 246779414076 | F11: USD | G11: 4.87 | H11: INR | I11: 422.19 | J11: =_xlfn.XLOOKUP(E11,'Customer Data'!$A:$A,'Customer Data'!$C:$C,,0) -> #N/A | M11: Inbound Handling charges for Sep 2024 | N11: 1400000032
A12: 1800004209 | B12: DR | C12: 45736 | D12: NA | E12: 246779414077 | F12: USD | G12: 28.32 | H12: INR | I12: 2455.1 | J12: =_xlfn.XLOOKUP(E12,'Customer Data'!$A:$A,'Customer Data'!$C:$C,,0) -> #N/A | M12: LCL charges for Sep 2024 | N12: 1400000032
A13: 1800004471 | B13: DR | C13: 45736 | D13: NA | E13: 246779414339 | F13: USD | G13: 7.43 | H13: INR | I13: 644.12 | J13: =_xlfn.XLOOKUP(E13,'Customer Data'!$A:$A,'Customer Data'!$C:$C,,0) -> #N/A | M13: Inbound Handling charges for Nov 2024 | N13: 1400000032
A14: 1800004472 | B14: DR | C14: 45736 | D14: NA | E14: 246779414340 | F14: USD | G14: 28.32 | H14: INR | I14: 2455.1 | J14: =_xlfn.XLOOKUP(E14,'Customer Data'!$A:$A,'Customer Data'!$C:$C,,0) -> #N/A | M14: LCL Movement Charges for Nov 2024 | N14: 1400000032
A15: 1800004305 | B15: DR | C15: 45736 | D15: NA | E15: 246779414173 | F15: USD | G15: 2.95 | H15: INR | I15: 255.74 | J15: =_xlfn.XLOOKUP(E15,'Customer Data'!$A:$A,'Customer Data'!$C:$C,,0) -> #N/A | M15: Outbound Handling charges for Sep 2024 | N15: 1400000032
... A21: 1800002538 | B21: DR | C21: 45734 | D21: NA | E21: 246779412405 | F21: USD | G21: 9.56 | H21: INR | I21: 828.77 | J21: =_xlfn.XLOOKUP(E21,'Customer Data'!$A:$A,'Customer Data'!$C:$C,,0) -> #N/A | M21: Storage charges for Sept 2024 | N21: 1400000032
A22: 1400000503 | B22: DZ | C22: 45861 | D22: NA | F22: USD | G22: 0 | H22: INR | I22: 0 | J22: =_xlfn.XLOOKUP(E22,'Customer Data'!$A:$A,'Customer Data'!$C:$C,,0) -> #N/A | N22: 1400000503
A23: 1800001491 | B23: DR | C23: 45730 | D23: NA | E23: 246779412148 | F23: USD | G23: 11.92 | H23: INR | I23: 1033.36 | J23: =_xlfn.XLOOKUP(E23,'Customer Data'!$A:$A,'Customer Data'!$C:$C,,0) -> #N/A | M23: VAS Activity Charges for the month of August, 24 | N23: 1400000503
A24: 1600000502 | B24: DG | C24: 45791 | D24: NA | E24: 256779420211 | F24: USD | G24: -11.92 | H24: INR | I24: -1033.36 | J24: =_xlfn.XLOOKUP(E24,'Customer Data'!$A:$A,'Customer Data'!$C:$C,,0) -> #N/A | M24: Credit note against 246779412148 | N24: 1400000503
A25: 1400000504 | B25: DZ | C25: 45861 | D25: NA | F25: USD | G25: 0 | H25: INR | I25: 0 | J25: =_xlfn.XLOOKUP(E25,'Customer Data'!$A:$A,'Customer Data'!$C:$C,,0) -> #N/A | N25: 1400000504
A26: 1800001492 | B26: DR | C26: 45730 | D26: NA | E26: 246779412149 | F26: USD | G26: 35.77 | H26: INR | I26: 3100.95 | J26: =_xlfn.XLOOKUP(E26,'Customer Data'!$A:$A,'Customer Data'!$C:$C,,0) -> #N/A | M26: VAS Activity Charges for the month of August, 24 | N26: 1400000504
A27: 1600000503 | B27: DG | C27: 45791 | D27: NA | E27: 256779420212 | F27: USD | G27: -35.77 | H27: INR | I27: -3100.95 | J27: =_xlfn.XLOOKUP(E27,'Customer Data'!$A:$A,'Customer Data'!$C:$C,,0) -> #N/A | M27: Credit note against 246779412149 | N27: 1400000504
A28: 1400000505 | B28: DZ | C28: 45861 | D28: NA | F28: USD | G28: 0 | H28: INR | I28: 0 | J28: =_xlfn.XLOOKUP(E28,'Customer Data'!$A:$A,'Customer Data'!$C:$C,,0) -> #N/A | N28: 1400000505
A29: 1800001493 | B29: DR | C29: 45730 | D29: NA | E29: 246779412150 | F29: USD | G29: 75.12 | H29: INR | I29: 6512.25 | J29: =_xlfn.XLOOKUP(E29,'Customer Data'!$A:$A,'Customer Data'!$C:$C,,0) -> #N/A | M29: VAS Activity Charges for the month of August, 24 | N29: 1400000505
A30: 1600000504 | B30: DG | C30: 45791 | D30: NA | E30: 256779420213 | F30: USD | G30: -75.12 | H30: INR | I30: -6512.25 | J30: =_xlfn.XLOOKUP(E30,'Customer Data'!$A:$A,'Customer Data'!$C:$C,,0) -> #N/A | M30: Credit note against 246779412150 | N30: 1400000505
A31: 1400000506 | B31: DZ | C31: 45861 | D31: NA | F31: USD | G31: 0 | H31: INR | I31: 0 | J31: =_xlfn.XLOOKUP(E31,'Customer Data'!$A:$A,'Customer Data'!$C:$C,,0) -> #N/A | N31: 1400000506
A32: 1800001494 | B32: DR | C32: 45730 | D32: NA | E32: 246779412151 | F32: USD | G32: 17.88 | H32: INR | I32: 1550.04 | J32: =_xlfn.XLOOKUP(E32,'Customer Data'!$A:$A,'Customer Data'!$C:$C,,0) -> #N/A | M32: VAS Activity Charges for the month of August, 24 | N32: 1400000506
A33: 1600000505 | B33: DG | C33: 45791 | D33: NA | E33: 256779420214 | F33: USD | G33: -17.88 | H33: INR | I33: -1550.04 | J33: =_xlfn.XLOOKUP(E33,'Customer Data'!$A:$A,'Customer Data'!$C:$C,,0) -> #N/A | M33: Credit note against 246779412151 | N33: 1400000506
A34: 1400000507 | B34: DZ | C34: 45861 | D34: NA | F34: USD | G34: 0 | H34: INR | I34: 0 | J34: =_xlfn.XLOOKUP(E34,'Customer Data'!$A:$A,'Customer Data'!$C:$C,,0) -> #N/A | N34: 1400000507
A35: 1800001495 | B35: DR | C35: 45730 | D35: NA | E35: 246779412152 | F35: USD | G35: 6.56 | H35: INR | I35: 568.69 | J35: =_xlfn.XLOOKUP(E35,'Customer Data'!$A:$A,'Customer Data'!$C:$C,,0) -> #N/A | M35: VAS Activity Charges for the month of August, 24 | N35: 1400000507
A36: 1600000506 | B36: DG | C36: 45791 | D36: NA | E36: 256779420215 | F36: USD | G36: -6.56 | H36: INR | I36: -568.69 | J36: =_xlfn.XLOOKUP(E36,'Customer Data'!$A:$A,'Customer Data'!$C:$C,,0) -> #N/A | M36: Credit note against 246779412152 | N36: 1400000507
A37: 1400000508 | B37: DZ | C37: 45861 | D37: NA | F37: USD | G37: 0 | H37: INR | I37: 0 | J37: =_xlfn.XLOOKUP(E37,'Customer Data'!$A:$A,'Customer Data'!$C:$C,,0) -> #N/A | N37: 1400000508
A38: 1800001496 | B38: DR | C38: 45730 | D38: NA | E38: 246779412153 | F38: USD | G38: 23.85 | H38: INR | I38: 2067.59 | J38: =_xlfn.XLOOKUP(E38,'Customer Data'!$A:$A,'Customer Data'!$C:$C,,0) -> #N/A | M38: VAS Activity Charges for the month of August, 24 | N38: 1400000508
A39: 1600000507 | B39: DG | C39: 45791 | D39: NA | E39: 256779420216 | F39: USD | G39: -23.85 | H39: INR | I39: -2067.59 | J39: =_xlfn.XLOOKUP(E39,'Customer Data'!$A:$A,'Customer Data'!$C:$C,,0) -> #N/A | M39: Credit note against 246779412153 | N39: 1400000508
A40: 1400000509 | B40: DZ | C40: 45861 | D40: NA | F40: USD | G40: 0 | H40: INR | I40: 0 | J40: =_xlfn.XLOOKUP(E40,'Customer Data'!$A:$A,'Customer Data'!$C:$C,,0) -> #N/A | N40: 1400000509
A41: 1800001639 | B41: DR | C41: 45730 | D41: NA | E41: 246779412296 | F41: USD | G41: 11.92 | H41: INR | I41: 1033.36 | J41: =_xlfn.XLOOKUP(E41,'Customer Data'!$A:$A,'Customer Data'!$C:$C,,0) -> #N/A | M41: VAS Activity Charges for the month of August, 24 | N41: 1400000509
A42: 1600000638 | B42: DG | C42: 45791 | D42: NA | E42: 256779420347 | F42: USD | G42: -11.92 | H42: INR | I42: -1033.36 | J42: =_xlfn.XLOOKUP(E42,'Customer Data'!$A:$A,'Customer Data'!$C:$C,,0) -> #N/A | M42: Credit note against 246779412296 | N42: 1400000509
A43: 1400000510 | B43: DZ | C43: 45861 | D43: NA | F43: USD | G43: 0 | H43: INR | I43: 0 | J43: =_xlfn.XLOOKUP(E43,'Customer Data'!$A:$A,'Customer Data'!$C:$C,,0) -> #N/A | N43: 1400000510
A44: 1800001640 | B44: DR | C44: 45730 | D44: NA | E44: 246779412297 | F44: USD | G44: 35.77 | H44: INR | I44: 3100.95 | J44: =_xlfn.XLOOKUP(E44,'Customer Data'!$A:$A,'Customer Data'!$C:$C,,0) -> #N/A | M44: VAS Activity Charges for the month of August, 24 | N44: 1400000510
A45: 1600000639 | B45: DG | C45: 45791 | D45: NA | E45: 256779420348 | F45: USD | G45: -35.77 | H45: INR | I45: -3100.95 | J45: =_xlfn.XLOOKUP(E45,'Customer Data'!$A:$A,'Customer Data'!$C:$C,,0) -> #N/A | M45: Credit note against 246779412297 | N45: 1400000510
A46: 1400000511 | B46: DZ | C46: 45861 | D46: NA | F46: USD | G46: 0 | H46: INR | I46: 0 | J46: =_xlfn.XLOOKUP(E46,'Customer Data'!$A:$A,'Customer Data'!$C:$C,,0) -> #N/A | N46: 1400000511
A47: 1800001641 | B47: DR | C47: 45730 | D47: NA | E47: 246779412298 | F47: USD | G47: 75.12 | H47: INR | I47: 6512.25 | J47: =_xlfn.XLOOKUP(E47,'Customer Data'!$A:$A,'Customer Data'!$C:$C,,0) -> #N/A | M47: VAS Activity Charges for the month of August, 24 | N47: 1400000511
A48: 1600000640 | B48: DG | C48: 45791 | D48: NA | E48: 256779420349 | F48: USD | G48: -75.12 | H48: INR | I48: -6512.25 | J48: =_xlfn.XLOOKUP(E48,'Customer Data'!$A:$A,'Customer Data'!$C:$C,,0) -> #N/A | M48: Credit note against 246779412298 | N48: 1400000511
A49: 1400000512 | B49: DZ | C49: 45861 | D49: NA | F49: USD | G49: 0 | H49: INR | I49: 0 | J49: =_xlfn.XLOOKUP(E49,'Customer Data'!$A:$A,'Customer Data'!$C:$C,,0) -> #N/A | N49: 1400000512
A50: 1800001642 | B50: DR | C50: 45730 | D50: NA | E50: 246779412299 | F50: USD | G50: 17.88 | H50: INR | I50: 1550.04 | J50: =_xlfn.XLOOKUP(E50,'Customer Data'!$A:$A,'Customer Data'!$C:$C,,0) -> #N/A | M50: VAS Activity Charges for the month of August, 24 | N50: 1400000512
A51: 1600000641 | B51: DG | C51: 45791 | D51: NA | E51: 256779420350 | F51: USD | G51: -17.88 | H51: INR | I51: -1550.04 | J51: =_xlfn.XLOOKUP(E51,'Customer Data'!$A:$A,'Customer Data'!$C:$C,,0) -> #N/A | M51: Credit note against 246779412299 | N51: 1400000512
A52: 1400000513 | B52: DZ | C52: 45861 | D52: NA | F52: USD | G52: 0 | H52: INR | I52: 0 | J52: =_xlfn.XLOOKUP(E52,'Customer Data'!$A:$A,'Customer Data'!$C:$C,,0) -> #N/A | N52: 1400000513
A53: 1800001643 | B53: DR | C53: 45730 | D53: NA | E53: 246779412300 | F53: USD | G53: 6.56 | H53: INR | I53: 568.69 | J53: =_xlfn.XLOOKUP(E53,'Customer Data'!$A:$A,'Customer Data'!$C:$C,,0) -> #N/A | M53: VAS Activity Charges for the month of August, 24 | N53: 1400000513
A54: 1600000642 | B54: DG | C54: 45791 | D54: NA | E54: 256779420351 | F54: USD | G54: -6.56 | H54: INR | I54: -568.69 | J54: =_xlfn.XLOOKUP(E54,'Customer Data'!$A:$A,'Customer Data'!$C:$C,,0) -> #N/A | M54: Credit note against 246779412300 | N54: 1400000513
A55: 1400000514 | B55: DZ | C55: 45861 | D55: NA | F55: USD | G55: 0 | H55: INR | I55: 0 | J55: =_xlfn.XLOOKUP(E55,'Customer Data'!$A:$A,'Customer Data'!$C:$C,,0) -> #N/A | N55: 1400000514
A56: 1800001644 | B56: DR | C56: 45730 | D56: NA | E56: 246779412301 | F56: USD | G56: 23.85 | H56: INR | I56: 2067.59 | J56: =_xlfn.XLOOKUP(E56,'Customer Data'!$A:$A,'Customer Data'!$C:$C,,0) -> #N/A | M56: VAS Activity Charges for the month of August, 24 | N56: 1400000514
A57: 1600000643 | B57: DG | C57: 45791 | D57: NA | E57: 256779420352 | F57: USD | G57: -23.85 | H57: INR | I57: -2067.59 | J57: =_xlfn.XLOOKUP(E57,'Customer Data'!$A:$A,'Customer Data'!$C:$C,,0) -> #N/A | M57: Credit note against 246779412301 | N57: 1400000514
A58: 1400001519 | B58: DZ | C58: 45958 | D58: T54SWIC270700 | F58: USD | G58: -31.2 | H58: INR | I58: -2683.22 | J58: =_xlfn.XLOOKUP(E58,'Customer Data'!$A:$A,'Customer Data'!$C:$C,,0) -> #N/A | M58: T54SWIC270700 | N58: 1400001519
A59: 1800010233 | B59: DR | C59: 45842 | D59: NA | E59: 256779414993 | F59: USD | G59: 31.2 | H59: INR | I59: 2683.22 | J59: =_xlfn.XLOOKUP(E59,'Customer Data'!$A:$A,'Customer Data'!$C:$C,,0) -> 40.09 | K59: =J59/118% -> 33.974576 | L59: =K59-G59 -> 2.7745763 | M59: Outbound chgs - 16 - 30 Jun 25 | N59: 1400001519
A60: 1400001524 | B60: DZ | C60: 45958 | D60: T54SWIC269689 | F60: USD | G60: -2.55 | H60: INR | I60: -221.65 | J60: =_xlfn.XLOOKUP(E60,'Customer Data'!$A:$A,'Customer Data'!$C:$C,,0) -> #N/A | M60: T54SWIC269689 | N60: 1400001524
A61: 1400001524 | B61: DZ | C61: 45958 | D61: T54SWIC269689 | F61: USD | G61: -37.47 | H61: INR | I61: -3248.09 | J61: =_xlfn.XLOOKUP(E61,'Customer Data'!$A:$A,'Customer Data'!$C:$C,,0) -> #N/A | M61: T54SWIC269689 | N61: 1400001524
A62: 1400001524 | B62: DZ | C62: 45958 | D62: T54SWIC269689 | F62: USD | G62: -51.59 | H62: INR | I62: -4439.68 | J62: =_xlfn.XLOOKUP(E62,'Customer Data'!$A:$A,'Customer Data'!$C:$C,,0) -> #N/A | M62: T54SWIC269689 | N62: 1400001524
A63: 1400001519 | B63: DZ | C63: 45958 | D63: T54SWIC270700 | F63: USD | G63: -0.07 | H63: INR | I63: -6.02 | J63: =_xlfn.XLOOKUP(E63,'Customer Data'!$A:$A,'Customer Data'!$C:$C,,0) -> #N/A | N63: 1400001524
A64: 1400001521 | B64: DZ | C64: 45958 | D64: T54SWIC270928 | F64: USD | G64: -40.67 | H64: INR | I64: -3498.84 | J64: =_xlfn.XLOOKUP(E64,'Customer Data'!$A:$A,'Customer Data'!$C:$C,,0) -> #N/A | N64: 1400001524
A65: 1400001522 | B65: DZ | C65: 45958 | D65: T54SWIC266807 | F65: USD | G65: -2.55 | H65: INR | I65: -218 | J65: =_xlfn.XLOOKUP(E65,'Customer Data'!$A:$A,'Customer Data'!$C:$C,,0) -> #N/A | N65: 1400001524
A66: 1800011670 | B66: DR | C66: 45877 | D66: NA | E66: 256779416188 | F66: USD | G66: 11.95 | H66: INR | I66: 1028.06 | J66: =_xlfn.XLOOKUP(E66,'Customer Data'!$A:$A,'Customer Data'!$C:$C,,0) -> 15.35 | K66: =J66/118% -> 13.008475 | L66: =K66-G66 -> 1.0584746 | M66: Outbound chgs - 16 - 31 Jul 25 | N66: 1400001524
A67: 1800005958 | B67: DR | C67: 45763 | D67: NA | E67: 256779410849 | F67: USD | G67: 2.55 | H67: INR | I67: 221.65 | J67: =_xlfn.XLOOKUP(E67,'Customer Data'!$A:$A,'Customer Data'!$C:$C,,0) -> 3.28 | K67: =J67/118% -> 2.779661 | L67: =K67-G67 -> 0.22966102 | M67: Storage charges for March 2025 | N67: 1400001524
A68: 1800011450 | B68: DR | C68: 45877 | D68: NA | E68: 256779416300 | F68: USD | G68: 14.34 | H68: INR | I68: 1233.67 | J68: =_xlfn.XLOOKUP(E68,'Customer Data'!$A:$A,'Customer Data'!$C:$C,,0) -> 18.42 | K68: =J68/118% -> 15.610169 | L68: =K68-G68 -> 1.2701695 | M68: Storage 1-31 July -25,WH-9 | N68: 1400001524
A69: 1800011759 | B69: DR | C69: 45877 | D69: NA | E69: 256779416150 | F69: USD | G69: 68.59 | H69: INR | I69: 5900.81 | J69: =_xlfn.XLOOKUP(E69,'Customer Data'!$A:$A,'Customer Data'!$C:$C,,0) -> 88.09 | K69: =J69/118% -> 74.652542 | L69: =K69-G69 -> 6.0625424 | M69: LCL Chgs - 16 - 31 JUL 25 | N69: 1400001524
A70: 1800009416 | B70: DR | C70: 45812 | D70: NA | E70: 256779414180 | F70: USD | G70: 6.2 | H70: INR | I70: 530.04 | J70: =_xlfn.XLOOKUP(E70,'Customer Data'!$A:$A,'Customer Data'!$C:$C,,0) -> 7.92 | K70: =J70/118% -> 6.7118644 | L70: =K70-G70 -> 0.51186441 | M70: Outbound chgs - 16 - 31 MAY 25 | N70: 1400001524
A71: 1800007702 | B71: DR | C71: 45769 | D71: NA | E71: 256779412593 | F71: USD | G71: 31.27 | H71: INR | I71: 2718.05 | J71: =_xlfn.XLOOKUP(E71,'Customer Data'!$A:$A,'Customer Data'!$C:$C,,0) -> 40.18 | K71: =J71/118% -> 34.050847 | L71: =K71-G71 -> 2.7808475 | M71: Inbound Handling charges for 31 Mar 2025 | N71: 1400001524
A72: 1400001526 | B72: DZ | C72: 45958 | D72: T54SWIC272479 | F72: USD | G72: 10.92 | H72: INR | I72: 939.13 | J72: =_xlfn.XLOOKUP(E72,'Customer Data'!$A:$A,'Customer Data'!$C:$C,,0) -> #N/A | M72: T54SWIC272479 | N72: 1400001526
A73: 1400001526 | B73: DZ | C73: 45958 | D73: T54SWIC272479 | F73: USD | G73: -56.91 | H73: INR | I73: -4869.93 | J73: =_xlfn.XLOOKUP(E73,'Customer Data'!$A:$A,'Customer Data'!$C:$C,,0) -> #N/A | M73: T54SWIC272479 | N73: 1400001526
A74: 1400001524 | B74: DZ | C74: 45958 | D74: T54SWIC269689 | F74: USD | G74: -10.92 | H74: INR | I74: -939.13 | J74: =_xlfn.XLOOKUP(E74,'Customer Data'!$A:$A,'Customer Data'!$C:$C,,0) -> #N/A | N74: 1400001526
A75: 1800009527 | B75: DR | C75: 45812 | D75: NA | E75: 256779414291 | F75: USD | G75: 51.73 | H75: INR | I75: 4422.44 | J75: =_xlfn.XLOOKUP(E75,'Customer Data'!$A:$A,'Customer Data'!$C:$C,,0) -> 66.1 | K75: =J75/118% -> 56.016949 | L75: =K75-G75 -> 4.2869492 | M75: LCL Chgs - 16-31 MAY 25 | N75: 1400001526
A76: 1800008562 | B76: DR | C76: 45793 | D76: NA | E76: 256779413326 | F76: USD | G76: 2.95 | H76: INR | I76: 253.65 | J76: =_xlfn.XLOOKUP(E76,'Customer Data'!$A:$A,'Customer Data'!$C:$C,,0) -> 3.79 | K76: =J76/118% -> 3.2118644 | L76: =K76-G76 -> 0.26186441 | M76: Outbound chgs - 16 - 30 Apr 25 | N76: 1400001526
A77: 1800007829 | B77: DR | C77: 45771 | D77: NA | E77: 256779412720 | F77: USD | G77: 2.23 | H77: INR | I77: 193.84 | J77: =_xlfn.XLOOKUP(E77,'Customer Data'!$A:$A,'Customer Data'!$C:$C,,0) -> 2.85 | K77: =J77/118% -> 2.4152542 | L77: =K77-G77 -> 0.18525424 | M77: Storage 1-15 April-25 | N77: 1400001526
A78: 1400001527 | B78: DZ | C78: 45958 | D78: T54SWIC275719 | F78: USD | G78: 23.44 | H78: INR | I78: 2016.55 | J78: =_xlfn.XLOOKUP(E78,'Customer Data'!$A:$A,'Customer Data'!$C:$C,,0) -> #N/A | M78: T54SWIC275719 | N78: 1400001527
A79: 1400001527 | B79: DZ | C79: 45958 | D79: T54SWIC275719 | F79: USD | G79: -80.6 | H79: INR | I79: -6910.05 | J79: =_xlfn.XLOOKUP(E79,'Customer Data'!$A:$A,'Customer Data'!$C:$C,,0) -> #N/A | M79: T54SWIC275719 | N79: 1400001527
A80: 1400001527 | B80: DZ | C80: 45958 | D80: T54SWIC275719 | F80: USD | G80: -37.72 | H80: INR | I80: -3275.41 | J80: =_xlfn.XLOOKUP(E80,'Customer Data'!$A:$A,'Customer Data'!$C:$C,,0) -> #N/A | M80: T54SWIC275719 | N80: 1400001527
A81: 1400001526 | B81: DZ | C81: 45958 | D81: T54SWIC272479 | F81: USD | G81: -23.44 | H81: INR | I81: -2016.55 | J81: =_xlfn.XLOOKUP(E81,'Customer Data'!$A:$A,'Customer Data'!$C:$C,,0) -> #N/A | N81: 1400001527
A82: 1800009316 | B82: DR | C82: 45813 | D82: NA | E82: 256779414080 | F82: USD | G82: 42.37 | H82: INR | I82: 3622.24 | J82: =_xlfn.XLOOKUP(E82,'Customer Data'!$A:$A,'Customer Data'!$C:$C,,0) -> 54.14 | K82: =J82/118% -> 45.881356 | L82: =K82-G82 -> 3.5113559 | M82: Storage 1-31 May-25,WH-9 | N82: 1400001527
A83: 1800008807 | B83: DR | C83: 45785 | D83: NA | E83: 256779413571 | F83: USD | G83: 3.5 | H83: INR | I83: 300.94 | J83: =_xlfn.XLOOKUP(E83,'Customer Data'!$A:$A,'Customer Data'!$C:$C,,0) -> 4.5 | K83: =J83/118% -> 3.8135593 | L83: =K83-G83 -> 0.31355932 | M83: Storage 16-30 April-25-WH09 | N83: 1400001527
A84: 1800007979 | B84: DR | C84: 45770 | D84: NA | E84: 256779412870 | F84: USD | G84: 31.27 | H84: INR | I84: 2718.05 | J84: =_xlfn.XLOOKUP(E84,'Customer Data'!$A:$A,'Customer Data'!$C:$C,,0) -> 40.21 | K84: =J84/118% -> 34.076271 | L84: =K84-G84 -> 2.8062712 | M84: LCL Chgs - 01 - 15 Apr 25 | N84: 1400001527
A85: 1800008008 | B85: DR | C85: 45770 | D85: NA | E85: 256779412899 | F85: USD | G85: 2.95 | H85: INR | I85: 256.42 | J85: =_xlfn.XLOOKUP(E85,'Customer Data'!$A:$A,'Customer Data'!$C:$C,,0) -> 3.79 | K85: =J85/118% -> 3.2118644 | L85: =K85-G85 -> 0.26186441 | M85: Outbound chgs - 01 - 15 Apr 25 | N85: 1400001527
A86: 1800010391 | B86: DR | C86: 45843 | D86: NA | E86: 256779415151 | F86: USD | G86: 38.23 | H86: INR | I86: 3287.81 | J86: =_xlfn.XLOOKUP(E86,'Customer Data'!$A:$A,'Customer Data'!$C:$C,,0) -> 49.13 | K86: =J86/118% -> 41.635593 | L86: =K86-G86 -> 3.4055932 | M86: Storage 01-30 June-25,WH-9 | N86: 1400001527
A87: 1400001535 | B87: DY | C87: 45958 | F87: INR | G87: 56152.82 | H87: INR | I87: 55722.13 | J87: =_xlfn.XLOOKUP(E87,'Customer Data'!$A:$A,'Customer Data'!$C:$C,,0) -> #N/A | N87: 1400001535
A88: 1400001535 | B88: DY | C88: 45958 | F88: INR | G88: -56152.82 | H88: INR | I88: -55198.06 | J88: =_xlfn.XLOOKUP(E88,'Customer Data'!$A:$A,'Customer Data'!$C:$C,,0) -> #N/A | N88: 1400001535
A89: 1600002238 | B89: DG | C89: 45919 | D89: NA | E89: 256779421793 | F89: USD | G89: -11.8 | H89: INR | I89: -1032.67 | J89: =_xlfn.XLOOKUP(E89,'Customer Data'!$A:$A,'Customer Data'!$C:$C,,0) -> #N/A | M89: Credit note against -246779413895 | N89: 1400001535
A90: 1800003991 | B90: DR | C90: 45736 | D90: NA | E90: 246779413847 | F90: USD | G90: 101.16 | H90: INR | I90: 8769.69 | J90: =_xlfn.XLOOKUP(E90,'Customer Data'!$A:$A,'Customer Data'!$C:$C,,0) -> #N/A | M90: Outbound Handling charges for Feb 2025 | N90: 1400001535
A91: 1800003993 | B91: DR | C91: 45736 | D91: NA | E91: 246779413849 | F91: USD | G91: 45.54 | H91: INR | I91: 3947.92 | J91: =_xlfn.XLOOKUP(E91,'Customer Data'!$A:$A,'Customer Data'!$C:$C,,0) -> #N/A | M91: Outbound Handling charges for Feb 2025 | N91: 1400001535
A92: 1800003995 | B92: DR | C92: 45736 | D92: NA | E92: 246779413851 | F92: USD | G92: 96.79 | H92: INR | I92: 8390.85 | J92: =_xlfn.XLOOKUP(E92,'Customer Data'!$A:$A,'Customer Data'!$C:$C,,0) -> #N/A | M92: Outbound Handling charges for Feb 2025 | N92: 1400001535
A93: 1800004003 | B93: DR | C93: 45736 | D93: NA | E93: 246779413859 | F93: USD | G93: 18.82 | H93: INR | I93: 1631.53 | J93: =_xlfn.XLOOKUP(E93,'Customer Data'!$A:$A,'Customer Data'!$C:$C,,0) -> #N/A | M93: Outbound Handling charges for Feb 2025 | N93: 1400001535
A94: 1800004026 | B94: DR | C94: 45736 | D94: NA | E94: 246779413882 | F94: USD | G94: 142.89 | H94: INR | I94: 12387.31 | J94: =_xlfn.XLOOKUP(E94,'Customer Data'!$A:$A,'Customer Data'!$C:$C,,0) -> #N/A | M94: Outbound Handling charges for Feb 2025 | N94: 1400001535
A95: 1800004053 | B95: DR | C95: 45736 | D95: NA | E95: 246779413909 | F95: USD | G95: 59 | H95: INR | I95: 5114.78 | J95: =_xlfn.XLOOKUP(E95,'Customer Data'!$A:$A,'Customer Data'!$C:$C,,0) -> #N/A | M95: Outbound Handling charges for Feb 2025 | N95: 1400001535
A96: 1800004059 | B96: DR | C96: 45736 | D96: NA | E96: 246779413915 | F96: USD | G96: 55.22 | H96: INR | I96: 4787.09 | J96: =_xlfn.XLOOKUP(E96,'Customer Data'!$A:$A,'Customer Data'!$C:$C,,0) -> #N/A | M96: Outbound Handling charges for Feb 2025 | N96: 1400001535
A97: 1800004073 | B97: DR | C97: 45736 | D97: NA | E97: 246779413929 | F97: USD | G97: 99.6 | H97: INR | I97: 8634.45 | J97: =_xlfn.XLOOKUP(E97,'Customer Data'!$A:$A,'Customer Data'!$C:$C,,0) -> #N/A | M97: Outbound Handling charges for Feb 2025 | N97: 1400001535
A98: 1800004109 | B98: DR | C98: 45736 | D98: NA | E98: 246779413965 | F98: USD | G98: 2.95 | H98: INR | I98: 255.74 | J98: =_xlfn.XLOOKUP(E98,'Customer Data'!$A:$A,'Customer Data'!$C:$C,,0) -> #N/A | M98: Outbound Handling charges for Feb 2025 | N98: 1400001535
A99: 1800004039 | B99: DR | C99: 45736 | D99: NA | E99: 246779413895 | F99: USD | G99: 14.75 | H99: INR | I99: 1278.7 | J99: =_xlfn.XLOOKUP(E99,'Customer Data'!$A:$A,'Customer Data'!$C:$C,,0) -> #N/A | M99: Outbound Handling charges for Feb 2025 | N99: 1400001535
A100: 1600002218 | B100: DG | C100: 45919 | D100: NA | E100: 256779421773 | F100: USD | G100: -73.75 | H100: INR | I100: -6454.18 | J100: =_xlfn.XLOOKUP(E100,'Customer Data'!$A:$A,'Customer Data'!$C:$C,,0) -> #N/A | M100: Credit note against -246779413847 | N100: 1400001535
... A115: 1600002240 | B115: DG | C115: 45919 | D115: NA | E115: 256779421795 | F115: USD | G115: -19.95 | H115: INR | I115: -1745.91 | J115: =_xlfn.XLOOKUP(E115,'Customer Data'!$A:$A,'Customer Data'!$C:$C,,0) -> #N/A | M115: Credit note against -246779413929 | N115: 1400001535
A116: 1400001536 | B116: DY | C116: 45959 | F116: INR | G116: 9726.56 | H116: INR | I116: 9651.96 | J116: =_xlfn.XLOOKUP(E116,'Customer Data'!$A:$A,'Customer Data'!$C:$C,,0) -> #N/A | N116: 1400001536
A117: 1400001536 | B117: DY | C117: 45959 | F117: INR | G117: -9726.56 | H117: INR | I117: -9561.18 | J117: =_xlfn.XLOOKUP(E117,'Customer Data'!$A:$A,'Customer Data'!$C:$C,,0) -> #N/A | N117: 1400001536
A118: 1800004078 | B118: DR | C118: 45736 | D118: NA | E118: 246779413934 | F118: USD | G118: 110.29 | H118: INR | I118: 9561.18 | J118: =_xlfn.XLOOKUP(E118,'Customer Data'!$A:$A,'Customer Data'!$C:$C,,0) -> #N/A | M118: Outbound Handling charges for Feb 2025 | N118: 1400001536
A119: 1600002241 | B119: DG | C119: 45919 | D119: NA | E119: 256779421796 | F119: USD | G119: -88.5 | H119: INR | I119: -7745.02 | J119: =_xlfn.XLOOKUP(E119,'Customer Data'!$A:$A,'Customer Data'!$C:$C,,0) -> #N/A | M119: Credit note against -246779413934 | N119: 1400001536
...

Sheet Customer Data
A1: Invoice Number | B1: Invoice date | C1: Invoice amount | D1: Paid amount | E1: Payment date | F1: Payment reference
A2: 256779419880 | B2: 45996 | C2: 3.73 | D2: 3.73 | E2: 46087 | F2: 2000016339
A3: 256779419838 | B3: 45999 | C3: 39.58 | D3: 39.58 | E3: 46087 | F3: 2000016339
A4: 256779418939 | B4: 45966 | C4: 0.83 | D4: 0.83 | E4: 46006 | F4: 2000016247
A5: 256779419102 | B5: 45964 | C5: 40.38 | D5: 40.38 | E5: 46006 | F5: 2000016247
A6: 256779416300 | B6: 45877 | C6: 18.42 | D6: 18.42 | E6: 45925 | F6: 2000016149
A7: 256779416188 | B7: 45877 | C7: 15.35 | D7: 15.35 | E7: 45925 | F7: 2000016149
A8: 256779416150 | B8: 45877 | C8: 88.09 | D8: 88.09 | E8: 45925 | F8: 2000016149
A9: 256779414993 | B9: 45842 | C9: 40.09 | D9: 40.09 | E9: 45894 | F9: 2000016095
A10: 256779415151 | B10: 45843 | C10: 49.13 | D10: 49.13 | E10: 45894 | F10: 2000016095
A11: 256779413571 | B11: 45785 | C11: 4.5 | D11: 4.5 | E11: 45880 | F11: 2000016066
A12: 256779412870 | B12: 45770 | C12: 40.21 | D12: 40.21 | E12: 45880 | F12: 2000016066
A13: 256779412899 | B13: 45770 | C13: 3.79 | D13: 3.79 | E13: 45880 | F13: 2000016066
... A21: 256779412593 | B21: 45769 | C21: 40.18 | D21: 40.18 | E21: 45876 | F21: 2000016065
A22: 6779IV124000228 | B22: 45702 | C22: 37.82 | D22: 37.82 | E22: 45743 | F22: 2000015822
A23: 6779IV124000226 | B23: 45702 | C23: 6.5 | D23: 6.5 | E23: 45743 | F23: 2000015822
A24: 6779IV124000231 | B24: 45702 | C24: 3.94 | D24: 3.94 | E24: 45743 | F24: 2000015822
A25: 6779IV124000233 | B25: 45702 | C25: 3.41 | D25: 3.41 | E25: 45743 | F25: 2000015822
A26: 6779IV124000218 | B26: 45702 | C26: 2.55 | D26: 2.55 | E26: 45743 | F26: 2000015822
A27: 6779IV124000225 | B27: 45702 | C27: 11.06 | D27: 11.06 | E27: 45743 | F27: 2000015822
A28: 6779IV124000227 | B28: 45702 | C28: 12.77 | D28: 12.77 | E28: 45743 | F28: 2000015822
A29: 6779IV124000230 | B29: 45702 | C29: 15.75 | D29: 15.75 | E29: 45743 | F29: 2000015822
A30: 6779IV124000224 | B30: 45702 | C30: 3.94 | D30: 3.94 | E30: 45743 | F30: 2000015822
A31: 6779IV124000219 | B31: 45702 | C31: 37.82 | D31: 37.82 | E31: 45743 | F31: 2000015822
A32: 6779IV124000220 | B32: 45702 | C32: 3.94 | D32: 3.94 | E32: 45743 | F32: 2000015822
A33: 6779IV124000221 | B33: 45702 | C33: 11.91 | D33: 11.91 | E33: 45743 | F33: 2000015822
... A37: 6779IV124000232 | B37: 45702 | C37: 98.25 | D37: 98.25 | E37: 45743 | F37: 2000015822
C38: =SUM(C2:C37) -> 866.44 | D38: =SUM(D2:D37) -> 866.44

Sheet Summary
A1: Reconciliation of Ledger as on 31st January 2026
A2: Particulars | B2: Amount in USD
A3: Balance as per Ashland Singapore Ltd | B3: 0
A4: Add: TDS to be booked in Ascendus books
A5: Add: Invoices & CN not recorded in customer books
A6: Less: Difference in Payment recorded in both books
A7: Less: Invoice not recorded in Ascendus Books
A8: Derived balance
A9: Balance as per Ascent | B9: ='Ascendus Data'!G171 -> 151.52
A11: Difference | B11: =B8-B9-B10 -> -151.52
