Workbook

Sheet LEDGER FINAL
N1: =SUBTOTAL(9,N2:N223) -> 8848605.4
A2: Customer | B2: Customer Account: Name 1 | C2: Fiscal Year | D2: Posting period | E2: Posting Date | F2: Document Type | G2: Document Header Text | H2: Invoice No | I2: G/L Account | J2: Document Number | K2: Document Currency Key | L2: Document Currency Value | M2: Company Code Currency Key | N2: Company Code Currency Value | O2: Text | P2: Baseline Payment Dte | Q2: Clearing Date | R2: Clearing Document | S2: TDS | T2: Section
A3: 100222362 | B3: ONNSYNEX VENTURES PRIVATE LIMITED | C3: 2025 | D3: 4 | E3: 45758 | F3: DA | I3: 212100 | J3: 1600000012 | K3: INR | L3: 1 | M3: INR | N3: 1 | O3: Overpayment | P3: 45758 | Q3: 45758 | R3: 1600000012
A4: 100222362 | B4: ONNSYNEX VENTURES PRIVATE LIMITED | C4: 2025 | D4: 4 | E4: 45758 | F4: DA | I4: 212100 | J4: 1600000012 | K4: INR | L4: -1 | M4: INR | N4: -1 | O4: Overpayment | P4: 45758 | Q4: 45758 | R4: 1600000012
A5: 100222362 | B5: ONNSYNEX VENTURES PRIVATE LIMITED | C5: 2025 | D5: 2 | E5: 45705 | F5: DY | G5: Na | I5: 212100 | J5: 1400000001 | K5: USD | L5: 75 | M5: INR | N5: 6472.77 | P5: 45705 | Q5: 45707 | R5: 1400000001
A6: 100222362 | B6: ONNSYNEX VENTURES PRIVATE LIMITED | C6: 2025 | D6: 2 | E6: 45705 | F6: DY | G6: Na | I6: 212100 | J6: 1400000001 | K6: USD | L6: -75 | M6: INR | N6: -6472.77 | P6: 45705 | Q6: 45707 | R6: 1400000001
A7: 100222362 | B7: ONNSYNEX VENTURES PRIVATE LIMITED | C7: 2025 | D7: 8 | E7: 45889 | F7: DZ | G7: RBINR52025071152142380 | I7: 212100 | J7: 1400000026 | K7: INR | L7: -500000 | M7: INR | N7: -500000 | P7: 45889
A8: 100222362 | B8: ONNSYNEX VENTURES PRIVATE LIMITED | C8: 2025 | D8: 8 | E8: 45889 | F8: DZ | G8: RBINR52025071152144290 | I8: 212100 | J8: 1400000027 | K8: INR | L8: -500000 | M8: INR | N8: -500000 | P8: 45889
A9: 100222362 | B9: ONNSYNEX VENTURES PRIVATE LIMITED | C9: 2025 | D9: 10 | E9: 45931 | F9: DZ | G9: HDFCR52025091059694776 | I9: 212100 | J9: 1400000043 | K9: INR | L9: -500000 | M9: INR | N9: -500000 | P9: 45931
A10: 100222362 | B10: ONNSYNEX VENTURES PRIVATE LIMITED | C10: 2025 | D10: 10 | E10: 45931 | F10: DZ | G10: HDFCR52025091059714564 | I10: 212100 | J10: 1400000044 | K10: INR | L10: -500000 | M10: INR | N10: -500000 | P10: 45931
A11: 100222362 | B11: ONNSYNEX VENTURES PRIVATE LIMITED | C11: 2025 | D11: 10 | E11: 45931 | F11: DZ | G11: HDFCR52025091059694771 | I11: 212100 | J11: 1400000045 | K11: INR | L11: -500000 | M11: INR | N11: -500000 | P11: 45931
A12: 100222362 | B12: ONNSYNEX VENTURES PRIVATE LIMITED | C12: 2025 | D12: 10 | E12: 45931 | F12: DZ | G12: RBINR52025091011436663 | I12: 212100 | J12: 1400000046 | K12: INR | L12: -500000 | M12: INR | N12: -500000 | P12: 45931
A13: 100222362 | B13: ONNSYNEX VENTURES PRIVATE LIMITED | C13: 2025 | D13: 10 | E13: 45959 | F13: DZ | G13: FDX3H9MYLVYP | I13: 212100 | J13: 1400000055 | K13: INR | L13: -5000000 | M13: INR | N13: -5000000 | P13: 45959
A14: 100222362 | B14: ONNSYNEX VENTURES PRIVATE LIMITED | C14: 2025 | D14: 2 | E14: 45701 | F14: XC | G14: 6788ZP25000006 | H14: 6788ZP25000006 | I14: 212100 | J14: 7000000036 | K14: INR | L14: -1 | M14: INR | N14: -1 | O14: Overpayment | P14: 45701 | Q14: 45758 | R14: 1600000012
A15: 100222362 | B15: ONNSYNEX VENTURES PRIVATE LIMITED | C15: 2025 | D15: 3 | E15: 45744 | F15: XC | G15: 6788ZR25000006 | H15: 6788ZR25000006 | I15: 212100 | J15: 7000000128 | K15: INR | L15: 1 | M15: INR | N15: 1 | O15: Overpayment | P15: 45701 | Q15: 45758 | R15: 1600000012
A16: 100222362 | B16: ONNSYNEX VENTURES PRIVATE LIMITED | C16: 2025 | D16: 4 | E16: 45748 | F16: XC | G16: 6788ZP25000117 | H16: 6788ZP25000117 | I16: 212100 | J16: 7000000131 | K16: INR | L16: -1500000 | M16: INR | N16: -1500000 | O16: as per SME conformation parked as overpayment | P16: 45743
A17: 100222362 | B17: ONNSYNEX VENTURES PRIVATE LIMITED | C17: 2025 | D17: 11 | E17: 45976 | F17: DY | G17: NA | H17: KNOCK OFF ENTRY | I17: 212100 | J17: 1400000084 | K17: USD | L17: 150 | M17: INR | N17: 12897.56 | P17: 45976 | Q17: 45976 | R17: 1400000084
A18: 100222362 | B18: ONNSYNEX VENTURES PRIVATE LIMITED | C18: 2025 | D18: 11 | E18: 45976 | F18: DY | G18: NA | H18: KNOCK OFF ENTRY | I18: 212100 | J18: 1400000084 | K18: USD | L18: -150 | M18: INR | N18: -13038.28 | P18: 45976 | Q18: 45976 | R18: 1400000084
A19: 100222362 | B19: ONNSYNEX VENTURES PRIVATE LIMITED | C19: 2025 | D19: 8 | E19: 45889 | F19: DR | G19: NA | H19: 256788410349 | I19: 212100 | J19: 1800000477 | K19: USD | L19: 100 | M19: INR | N19: 8603.01 | O19: INTRA 1-15 Aug 25 | P19: 45889 | S19: =VLOOKUP(H19,TDS!$B$2:$C$70,2,0) -> #N/A | T19: =VLOOKUP(H19,TDS!$B$2:$D$70,3,0) -> #N/A
A20: 100222362 | B20: ONNSYNEX VENTURES PRIVATE LIMITED | C20: 2025 | D20: 9 | E20: 45904 | F20: DR | G20: NA | H20: 256788410353 | I20: 212100 | J20: 1800000479 | K20: USD | L20: 100 | M20: INR | N20: 8751.43 | O20: Intra 16-31 Aug 25 | P20: 45904 | S20: =VLOOKUP(H20,TDS!$B$2:$C$70,2,0) -> 175.03 | T20: =VLOOKUP(H20,TDS!$B$2:$D$70,3,0) -> 194C
A21: 100222362 | B21: ONNSYNEX VENTURES PRIVATE LIMITED | C21: 2025 | D21: 4 | E21: 45751 | F21: DR | G21: NA | H21: 256788410027 | I21: 212100 | J21: 1800000152 | K21: USD | L21: 170 | M21: INR | N21: 14776.71 | O21: Transportation Inbound charges for Jan 25 | P21: 45755 | S21: =VLOOKUP(H21,TDS!$B$2:$C$70,2,0) -> 296 | T21: =VLOOKUP(H21,TDS!$B$2:$D$70,3,0) -> 194C
A22: 100222362 | B22: ONNSYNEX VENTURES PRIVATE LIMITED | C22: 2025 | D22: 3 | E22: 45722 | F22: DR | G22: NA | H22: 246788410045 | I22: 212100 | J22: 1800000050 | K22: USD | L22: 841.24 | M22: INR | N22: 72928.16 | O22: Storage Charges for the month of November 2024 | P22: 45722 | S22: =VLOOKUP(H22,TDS!$B$2:$C$70,2,0) -> 7151 | T22: =VLOOKUP(H22,TDS!$B$2:$D$70,3,0) -> 194I
A23: 100222362 | B23: ONNSYNEX VENTURES PRIVATE LIMITED | C23: 2025 | D23: 3 | E23: 45722 | F23: DR | G23: NA | H23: 246788410046 | I23: 212100 | J23: 1800000051 | K23: USD | L23: 4169.66 | M23: INR | N23: 361473.08 | O23: Storage Charges for the month of December 2024 | P23: 45722 | S23: =VLOOKUP(H23,TDS!$B$2:$C$70,2,0) -> 35442 | T23: =VLOOKUP(H23,TDS!$B$2:$D$70,3,0) -> 194I
A24: 100222362 | B24: ONNSYNEX VENTURES PRIVATE LIMITED | C24: 2025 | D24: 3 | E24: 45719 | F24: DR | G24: NA | H24: 246788410039 | I24: 212100 | J24: 1800000045 | K24: USD | L24: 1044.69 | M24: INR | N24: 90565.49 | O24: CY-CY Ground Rent charges for Oct 2024. Exchange c | P24: 45719 | S24: =VLOOKUP(H24,TDS!$B$2:$C$70,2,0) -> 9072 | T24: =VLOOKUP(H24,TDS!$B$2:$D$70,3,0) -> 194I
A25: 100222362 | B25: ONNSYNEX VENTURES PRIVATE LIMITED | C25: 2025 | D25: 3 | E25: 45719 | F25: DR | G25: NA | H25: 246788410040 | I25: 212100 | J25: 1800000046 | K25: USD | L25: 129.98 | M25: INR | N25: 11268.13 | O25: CY-CY Ground Rent charges for Dec 2024. Exchange c | P25: 45719 | S25: =VLOOKUP(H25,TDS!$B$2:$C$70,2,0) -> 1129 | T25: =VLOOKUP(H25,TDS!$B$2:$D$70,3,0) -> 194I
A26: 100222362 | B26: ONNSYNEX VENTURES PRIVATE LIMITED | C26: 2025 | D26: 3 | E26: 45719 | F26: DR | G26: NA | H26: 246788410042 | I26: 212100 | J26: 1800000047 | K26: USD | L26: 4421.13 | M26: INR | N26: 383273.33 | O26: Storage Charges for the month of August, 2024 | P26: 45719 | S26: =VLOOKUP(H26,TDS!$B$2:$C$70,2,0) -> 38022 | T26: =VLOOKUP(H26,TDS!$B$2:$D$70,3,0) -> 194I
A27: 100222362 | B27: ONNSYNEX VENTURES PRIVATE LIMITED | C27: 2025 | D27: 3 | E27: 45719 | F27: DR | G27: NA | H27: 246788410043 | I27: 212100 | J27: 1800000048 | K27: USD | L27: 2730.01 | M27: INR | N27: 236668.01 | O27: Storage Charges for the month of September, 2024 | P27: 45719 | S27: =VLOOKUP(H27,TDS!$B$2:$C$70,2,0) -> 23478 | T27: =VLOOKUP(H27,TDS!$B$2:$D$70,3,0) -> 194I
A28: 100222362 | B28: ONNSYNEX VENTURES PRIVATE LIMITED | C28: 2025 | D28: 3 | E28: 45719 | F28: DR | G28: NA | H28: 246788410044 | I28: 212100 | J28: 1800000049 | K28: USD | L28: 474.24 | M28: INR | N28: 41112.46 | O28: Storage Charges for the month of October, 2024 | P28: 45719 | S28: =VLOOKUP(H28,TDS!$B$2:$C$70,2,0) -> 4061 | T28: =VLOOKUP(H28,TDS!$B$2:$D$70,3,0) -> 194I
A29: 100222362 | B29: ONNSYNEX VENTURES PRIVATE LIMITED | C29: 2025 | D29: 8 | E29: 45870 | F29: DR | G29: NA | H29: 256788410322 | I29: 212100 | J29: 1800000447 | K29: USD | L29: 75 | M29: INR | N29: 6452.26 | O29: Fixed Storage Charges for August 2025 | P29: 45870 | S29: =VLOOKUP(H29,TDS!$B$2:$C$70,2,0) -> #N/A | T29: =VLOOKUP(H29,TDS!$B$2:$D$70,3,0) -> #N/A
A30: 100222362 | B30: ONNSYNEX VENTURES PRIVATE LIMITED | C30: 2025 | D30: 6 | E30: 45818 | F30: DR | G30: NA | H30: 256788410228 | I30: 212100 | J30: 1800000353 | K30: USD | L30: 75 | M30: INR | N30: 6411.81 | O30: Fixed Storage Charges fo JUNE 2025 | P30: 45818 | S30: =VLOOKUP(H30,TDS!$B$2:$C$70,2,0) -> #N/A | T30: =VLOOKUP(H30,TDS!$B$2:$D$70,3,0) -> #N/A
... A35: 100222362 | B35: ONNSYNEX VENTURES PRIVATE LIMITED | C35: 2025 | D35: 5 | E35: 45785 | F35: DR | G35: NA | H35: 256788410218 | I35: 212100 | J35: 1800000343 | K35: USD | L35: 13.18 | M35: INR | N35: 1133.27 | O35: Outbound chgs - 16 - 30 Apr 25 | P35: 45785 | S35: =VLOOKUP(H35,TDS!$B$2:$C$70,2,0) -> #N/A | T35: =VLOOKUP(H35,TDS!$B$2:$D$70,3,0) -> #N/A
A36: 100222362 | B36: ONNSYNEX VENTURES PRIVATE LIMITED | C36: 2025 | D36: 10 | E36: 45947 | F36: DG | G36: NA | H36: 256788420141 | I36: 212100 | J36: 1600000261 | K36: USD | L36: -1211.9 | M36: INR | N36: -106878.39 | O36: Credit note raised against 256788410417 | P36: 45947 | Q36: 45976 | R36: 1400000084 | S36: =VLOOKUP(H36,TDS!$B$2:$C$70,2,0) -> #N/A | T36: =VLOOKUP(H36,TDS!$B$2:$D$70,3,0) -> #N/A
A37: 100222362 | B37: ONNSYNEX VENTURES PRIVATE LIMITED | C37: 2025 | D37: 10 | E37: 45947 | F37: DG | G37: NA | H37: 256788420142 | I37: 212100 | J37: 1600000262 | K37: USD | L37: -40 | M37: INR | N37: -3527.63 | O37: Credit note raised against 256788410418 | P37: 45947 | Q37: 45976 | R37: 1400000084 | S37: =VLOOKUP(H37,TDS!$B$2:$C$70,2,0) -> #N/A | T37: =VLOOKUP(H37,TDS!$B$2:$D$70,3,0) -> #N/A
A38: 100222362 | B38: ONNSYNEX VENTURES PRIVATE LIMITED | C38: 2025 | D38: 10 | E38: 45947 | F38: DG | G38: NA | H38: 256788420143 | I38: 212100 | J38: 1600000263 | K38: USD | L38: -11.26 | M38: INR | N38: -993.03 | O38: Credit note raised against 256788410419 | P38: 45947 | Q38: 45976 | R38: 1400000084 | S38: =VLOOKUP(H38,TDS!$B$2:$C$70,2,0) -> #N/A | T38: =VLOOKUP(H38,TDS!$B$2:$D$70,3,0) -> #N/A
A39: 100222362 | B39: ONNSYNEX VENTURES PRIVATE LIMITED | C39: 2025 | D39: 4 | E39: 45763 | F39: DR | G39: NA | H39: 256779412015 | I39: 212100 | J39: 1800007124 | K39: USD | L39: 86.56 | M39: INR | N39: 7523.95 | O39: VAS Activity - Jan 25, Ex Rate. 86.64 | P39: 45763 | S39: =VLOOKUP(H39,TDS!$B$2:$C$70,2,0) -> 150 | T39: =VLOOKUP(H39,TDS!$B$2:$D$70,3,0) -> 194C
A40: 100222362 | B40: ONNSYNEX VENTURES PRIVATE LIMITED | C40: 2025 | D40: 4 | E40: 45763 | F40: DR | G40: NA | H40: 256779412058 | I40: 212100 | J40: 1800007167 | K40: USD | L40: 188.84 | M40: INR | N40: 16414.32 | O40: VAS Activity - Feb 25, Ex Rate. 87.40 | P40: 45763 | S40: =VLOOKUP(H40,TDS!$B$2:$C$70,2,0) -> 328 | T40: =VLOOKUP(H40,TDS!$B$2:$D$70,3,0) -> 194C
A41: 100222362 | B41: ONNSYNEX VENTURES PRIVATE LIMITED | C41: 2025 | D41: 4 | E41: 45763 | F41: DR | G41: NA | H41: 256779412096 | I41: 212100 | J41: 1800007205 | K41: USD | L41: 16.83 | M41: INR | N41: 1462.89 | O41: VAS Activity - Mar 25, 16-31, Ex Rate. 85.58 | P41: 45763 | S41: =VLOOKUP(H41,TDS!$B$2:$C$70,2,0) -> 29 | T41: =VLOOKUP(H41,TDS!$B$2:$D$70,3,0) -> 194C
A42: 100222362 | B42: ONNSYNEX VENTURES PRIVATE LIMITED | C42: 2025 | D42: 7 | E42: 45847 | F42: DR | G42: NA | H42: 256788410243 | I42: 212100 | J42: 1800000368 | K42: USD | L42: 30 | M42: INR | N42: 2580.02 | O42: CY - WH Destuff Charges fo MAY 2025 | P42: 45847 | S42: =VLOOKUP(H42,TDS!$B$2:$C$70,2,0) -> #N/A | T42: =VLOOKUP(H42,TDS!$B$2:$D$70,3,0) -> #N/A
A43: 100222362 | B43: ONNSYNEX VENTURES PRIVATE LIMITED | C43: 2025 | D43: 7 | E43: 45847 | F43: DR | G43: NA | H43: 256788410259 | I43: 212100 | J43: 1800000384 | K43: USD | L43: 75 | M43: INR | N43: 6450.05 | O43: Fixed Rental charges for April 2025 | P43: 45847 | S43: =VLOOKUP(H43,TDS!$B$2:$C$70,2,0) -> 129 | T43: =VLOOKUP(H43,TDS!$B$2:$D$70,3,0) -> 194C
A44: 100222362 | B44: ONNSYNEX VENTURES PRIVATE LIMITED | C44: 2025 | D44: 9 | E44: 45904 | F44: DR | G44: NA | H44: 256779416953 | I44: 212100 | J44: 1800012496 | K44: USD | L44: 2.14 | M44: INR | N44: 187.28 | O44: CODC Out chgs -16-31 Aug 25 | P44: 45904 | S44: =VLOOKUP(H44,TDS!$B$2:$C$70,2,0) -> 3.75 | T44: =VLOOKUP(H44,TDS!$B$2:$D$70,3,0) -> 194C
A45: 100222362 | B45: ONNSYNEX VENTURES PRIVATE LIMITED | C45: 2025 | D45: 9 | E45: 45904 | F45: DR | G45: NA | H45: 256788410354 | I45: 212100 | J45: 1800000480 | K45: USD | L45: 12.52 | M45: INR | N45: 1095.68 | O45: VAS -16-31 Aug 25 | P45: 45904 | S45: =VLOOKUP(H45,TDS!$B$2:$C$70,2,0) -> 21.91 | T45: =VLOOKUP(H45,TDS!$B$2:$D$70,3,0) -> 194C
A46: 100222362 | B46: ONNSYNEX VENTURES PRIVATE LIMITED | C46: 2025 | D46: 9 | E46: 45904 | F46: DR | G46: NA | H46: 256788410355 | I46: 212100 | J46: 1800000481 | K46: USD | L46: 13.66 | M46: INR | N46: 1195.45 | O46: WEIGHMENT -16-31 Aug 25 | P46: 45904 | S46: =VLOOKUP(H46,TDS!$B$2:$C$70,2,0) -> 23.91 | T46: =VLOOKUP(H46,TDS!$B$2:$D$70,3,0) -> 194C
A47: 100222362 | B47: ONNSYNEX VENTURES PRIVATE LIMITED | C47: 2025 | D47: 9 | E47: 45904 | F47: DR | G47: NA | H47: 256788410358 | I47: 212100 | J47: 1800000483 | K47: USD | L47: 2262.04 | M47: INR | N47: 197960.92 | O47: CY Ground rent Chgs - 01 - 31 Aug 25 | P47: 45904 | S47: =VLOOKUP(H47,TDS!$B$2:$C$70,2,0) -> 19796.09 | T47: =VLOOKUP(H47,TDS!$B$2:$D$70,3,0) -> 194C
A48: 100222362 | B48: ONNSYNEX VENTURES PRIVATE LIMITED | C48: 2025 | D48: 9 | E48: 45904 | F48: DR | G48: NA | H48: 256788410359 | I48: 212100 | J48: 1800000488 | K48: USD | L48: 126.58 | M48: INR | N48: 11077.56 | O48: Empty Lolo Chgs Aug 25 | P48: 45904 | S48: =VLOOKUP(H48,TDS!$B$2:$C$70,2,0) -> 221.55 | T48: =VLOOKUP(H48,TDS!$B$2:$D$70,3,0) -> 194C
A49: 100222362 | B49: ONNSYNEX VENTURES PRIVATE LIMITED | C49: 2025 | D49: 9 | E49: 45904 | F49: DR | G49: NA | H49: 256788410360 | I49: 212100 | J49: 1800000484 | K49: USD | L49: 348.21 | M49: INR | N49: 30473.36 | O49: PORT SSR Chgs Aug 25 | P49: 45904 | S49: =VLOOKUP(H49,TDS!$B$2:$C$70,2,0) -> 609.47 | T49: =VLOOKUP(H49,TDS!$B$2:$D$70,3,0) -> 194C
A50: 100222362 | B50: ONNSYNEX VENTURES PRIVATE LIMITED | C50: 2025 | D50: 9 | E50: 45904 | F50: DR | G50: NA | H50: 256788410361 | I50: 212100 | J50: 1800000485 | K50: USD | L50: 26 | M50: INR | N50: 2275.37 | O50: LCL chgs - 16 - 31 AUG 25 | P50: 45904 | S50: =VLOOKUP(H50,TDS!$B$2:$C$70,2,0) -> 45.51 | T50: =VLOOKUP(H50,TDS!$B$2:$D$70,3,0) -> 194C
... A59: 100222362 | B59: ONNSYNEX VENTURES PRIVATE LIMITED | C59: 2025 | D59: 7 | E59: 45842 | F59: DR | G59: NA | H59: 256788410258 | I59: 212100 | J59: 1800000383 | K59: USD | L59: 17 | M59: INR | N59: 1462.01 | O59: Outbound chgs - 16 - 30 JUN 25 | P59: 45842 | S59: =VLOOKUP(H59,TDS!$B$2:$C$70,2,0) -> #N/A | T59: =VLOOKUP(H59,TDS!$B$2:$D$70,3,0) -> #N/A
A60: 100222362 | B60: ONNSYNEX VENTURES PRIVATE LIMITED | C60: 2025 | D60: 7 | E60: 45842 | F60: DR | G60: NA | H60: 256788410267 | I60: 212100 | J60: 1800000391 | K60: USD | L60: 9 | M60: INR | N60: 774.01 | O60: Outbound chgs - 01 - 15 JUL 25 | P60: 45842 | Q60: 45976 | R60: 1400000084 | S60: =VLOOKUP(H60,TDS!$B$2:$C$70,2,0) -> #N/A | T60: =VLOOKUP(H60,TDS!$B$2:$D$70,3,0) -> #N/A
A61: 100222362 | B61: ONNSYNEX VENTURES PRIVATE LIMITED | C61: 2025 | D61: 11 | E61: 45966 | F61: DR | G61: NA | H61: 256788410441 | I61: 212100 | J61: 1800000576 | K61: USD | L61: 75 | M61: INR | N61: 6600.25 | O61: Fixed Storage Charges for November 2025 | P61: 45966 | S61: =VLOOKUP(H61,TDS!$B$2:$C$70,2,0) -> #N/A | T61: =VLOOKUP(H61,TDS!$B$2:$D$70,3,0) -> #N/A
A62: 100222362 | B62: ONNSYNEX VENTURES PRIVATE LIMITED | C62: 2025 | D62: 11 | E62: 45966 | F62: DR | G62: NA | H62: 256788410448 | I62: 212100 | J62: 1800000587 | K62: USD | L62: 70 | M62: INR | N62: 6160.24 | O62: Intra SEZ-Transfer-16 -31 Oct 25 | P62: 45966 | S62: =VLOOKUP(H62,TDS!$B$2:$C$70,2,0) -> #N/A | T62: =VLOOKUP(H62,TDS!$B$2:$D$70,3,0) -> #N/A
A63: 100222362 | B63: ONNSYNEX VENTURES PRIVATE LIMITED | C63: 2025 | D63: 11 | E63: 45966 | F63: DR | G63: NA | H63: 256788410449 | I63: 212100 | J63: 1800000588 | K63: USD | L63: 70 | M63: INR | N63: 6160.24 | O63: Intra SEZ-Transfer-16 -31 Oct 25 | P63: 45966 | S63: =VLOOKUP(H63,TDS!$B$2:$C$70,2,0) -> #N/A | T63: =VLOOKUP(H63,TDS!$B$2:$D$70,3,0) -> #N/A
A64: 100222362 | B64: ONNSYNEX VENTURES PRIVATE LIMITED | C64: 2025 | D64: 11 | E64: 45966 | F64: DR | G64: NA | H64: 256788410450 | I64: 212100 | J64: 1800000589 | K64: USD | L64: 70 | M64: INR | N64: 6160.24 | O64: Intra SEZ-Transfer-16 -31 Oct 25 | P64: 45966 | S64: =VLOOKUP(H64,TDS!$B$2:$C$70,2,0) -> #N/A | T64: =VLOOKUP(H64,TDS!$B$2:$D$70,3,0) -> #N/A
A65: 100222362 | B65: ONNSYNEX VENTURES PRIVATE LIMITED | C65: 2025 | D65: 11 | E65: 45966 | F65: DR | G65: NA | H65: 256788410451 | I65: 212100 | J65: 1800000590 | K65: USD | L65: 70 | M65: INR | N65: 6160.24 | O65: Intra SEZ-Transfer-16 -31 Oct 25 | P65: 45966 | S65: =VLOOKUP(H65,TDS!$B$2:$C$70,2,0) -> #N/A | T65: =VLOOKUP(H65,TDS!$B$2:$D$70,3,0) -> #N/A
A66: 100222362 | B66: ONNSYNEX VENTURES PRIVATE LIMITED | C66: 2025 | D66: 11 | E66: 45966 | F66: DR | G66: NA | H66: 256788410452 | I66: 212100 | J66: 1800000591 | K66: USD | L66: 65.31 | M66: INR | N66: 5747.5 | O66: VAS-16 -31 Oct 25 | P66: 45966 | S66: =VLOOKUP(H66,TDS!$B$2:$C$70,2,0) -> #N/A | T66: =VLOOKUP(H66,TDS!$B$2:$D$70,3,0) -> #N/A
A67: 100222362 | B67: ONNSYNEX VENTURES PRIVATE LIMITED | C67: 2025 | D67: 11 | E67: 45966 | F67: DR | G67: NA | H67: 256788410453 | I67: 212100 | J67: 1800000592 | K67: USD | L67: 31.56 | M67: INR | N67: 2777.39 | O67: WEIGHTMENT-16 -31 Oct 25 | P67: 45966 | S67: =VLOOKUP(H67,TDS!$B$2:$C$70,2,0) -> #N/A | T67: =VLOOKUP(H67,TDS!$B$2:$D$70,3,0) -> #N/A
A68: 100222362 | B68: ONNSYNEX VENTURES PRIVATE LIMITED | C68: 2025 | D68: 11 | E68: 45966 | F68: DR | G68: NA | H68: 256788410454 | I68: 212100 | J68: 1800000585 | K68: USD | L68: 4547.2 | M68: INR | N68: 400169.02 | O68: Unit-Storage-1-31 Oct 25 | P68: 45966 | S68: =VLOOKUP(H68,TDS!$B$2:$C$70,2,0) -> #N/A | T68: =VLOOKUP(H68,TDS!$B$2:$D$70,3,0) -> #N/A
A69: 100222362 | B69: ONNSYNEX VENTURES PRIVATE LIMITED | C69: 2025 | D69: 11 | E69: 45966 | F69: DR | G69: NA | H69: 256788410455 | I69: 212100 | J69: 1800000593 | K69: USD | L69: 338 | M69: INR | N69: 29745.15 | O69: Outbound chgs - 16 -31 OCT 25 | P69: 45966 | S69: =VLOOKUP(H69,TDS!$B$2:$C$70,2,0) -> #N/A | T69: =VLOOKUP(H69,TDS!$B$2:$D$70,3,0) -> #N/A
A70: 100222362 | B70: ONNSYNEX VENTURES PRIVATE LIMITED | C70: 2025 | D70: 11 | E70: 45966 | F70: DR | G70: NA | H70: 256788410457 | I70: 212100 | J70: 1800000584 | K70: USD | L70: 93 | M70: INR | N70: 8184.32 | O70: LCL chgs - 16 -31 OCT 25 | P70: 45966 | S70: =VLOOKUP(H70,TDS!$B$2:$C$70,2,0) -> #N/A | T70: =VLOOKUP(H70,TDS!$B$2:$D$70,3,0) -> #N/A
A71: 100222362 | B71: ONNSYNEX VENTURES PRIVATE LIMITED | C71: 2025 | D71: 11 | E71: 45966 | F71: DR | G71: NA | H71: 256788410458 | I71: 212100 | J71: 1800000586 | K71: USD | L71: 103.89 | M71: INR | N71: 9142.67 | O71: Empty Lolo Chgs Oct 25 | P71: 45966 | S71: =VLOOKUP(H71,TDS!$B$2:$C$70,2,0) -> #N/A | T71: =VLOOKUP(H71,TDS!$B$2:$D$70,3,0) -> #N/A
A72: 100222362 | B72: ONNSYNEX VENTURES PRIVATE LIMITED | C72: 2025 | D72: 8 | E72: 45877 | F72: DR | G72: NA | H72: 256788410332 | I72: 212100 | J72: 1800000466 | K72: USD | L72: 443.76 | M72: INR | N72: 38176.73 | O72: Unit Storage - 1-30 June 25 | P72: 45877 | S72: =VLOOKUP(H72,TDS!$B$2:$C$70,2,0) -> #N/A | T72: =VLOOKUP(H72,TDS!$B$2:$D$70,3,0) -> #N/A
... A85: 100222362 | B85: ONNSYNEX VENTURES PRIVATE LIMITED | C85: 2025 | D85: 6 | E85: 45812 | F85: DR | G85: NA | H85: 256788410227 | I85: 212100 | J85: 1800000352 | K85: USD | L85: 27.61 | M85: INR | N85: 2360.4 | O85: Empty Lolo Chgs - 01 - 31 MAY 25 | P85: 45812 | S85: =VLOOKUP(H85,TDS!$B$2:$C$70,2,0) -> #N/A | T85: =VLOOKUP(H85,TDS!$B$2:$D$70,3,0) -> #N/A
A86: 100222362 | B86: ONNSYNEX VENTURES PRIVATE LIMITED | C86: 2025 | D86: 5 | E86: 45793 | F86: DG | G86: NA | H86: 256788420001 | I86: 212100 | J86: 1600000113 | K86: USD | L86: -75 | M86: INR | N86: -6448.78 | O86: Credit note raised agaisnt INV_256788410019 | P86: 45793 | Q86: 45976 | R86: 1400000084 | S86: =VLOOKUP(H86,TDS!$B$2:$C$70,2,0) -> #N/A | T86: =VLOOKUP(H86,TDS!$B$2:$D$70,3,0) -> #N/A
A87: 100222362 | B87: ONNSYNEX VENTURES PRIVATE LIMITED | C87: 2025 | D87: 5 | E87: 45793 | F87: DG | G87: NA | H87: 256788420005 | I87: 212100 | J87: 1600000117 | K87: USD | L87: -75 | M87: INR | N87: -6448.78 | O87: Credit note raised agaisnt INV_256788410023 | P87: 45793 | Q87: 45976 | R87: 1400000084 | S87: =VLOOKUP(H87,TDS!$B$2:$C$70,2,0) -> #N/A | T87: =VLOOKUP(H87,TDS!$B$2:$D$70,3,0) -> #N/A
A88: 100222362 | B88: ONNSYNEX VENTURES PRIVATE LIMITED | C88: 2025 | D88: 2 | E88: 45705 | F88: DR | G88: Na | H88: 246788410001 | I88: 212100 | J88: 1800000000 | K88: USD | L88: 75 | M88: INR | N88: 6472.77 | O88: Fixed Rental charges for Aug 2024 | P88: 45705 | Q88: 45707 | R88: 1400000001 | S88: =VLOOKUP(H88,TDS!$B$2:$C$70,2,0) -> 129 | T88: =VLOOKUP(H88,TDS!$B$2:$D$70,3,0) -> 194C
A89: 100222362 | B89: ONNSYNEX VENTURES PRIVATE LIMITED | C89: 2025 | D89: 5 | E89: 45805 | F89: DR | G89: NA | H89: 256788410221 | I89: 212100 | J89: 1800000346 | K89: USD | L89: 10364.72 | M89: INR | N89: 891196.98 | O89: Storage Chgs - 01 - 31 Apr 25 | P89: 45805 | S89: =VLOOKUP(H89,TDS!$B$2:$C$70,2,0) -> 89120 | T89: =VLOOKUP(H89,TDS!$B$2:$D$70,3,0) -> 194I
A90: 100222362 | B90: ONNSYNEX VENTURES PRIVATE LIMITED | C90: 2025 | D90: 7 | E90: 45856 | F90: DR | G90: NA | H90: 256788410265 | I90: 212100 | J90: 1800000389 | K90: USD | L90: 1510.02 | M90: INR | N90: 129862.73 | O90: CODC Transport Chgs - 01 - 15 July 25 | P90: 45856 | S90: =VLOOKUP(H90,TDS!$B$2:$C$70,2,0) -> 2597.25 | T90: =VLOOKUP(H90,TDS!$B$2:$D$70,3,0) -> 194C
A91: 100222362 | B91: ONNSYNEX VENTURES PRIVATE LIMITED | C91: 2025 | D91: 3 | E91: 45729 | F91: DR | G91: NA | H91: 246788410059 | I91: 212100 | J91: 1800000064 | K91: USD | L91: 25.75 | M91: INR | N91: 2232.3 | O91: VAS Activity Charges for the month of August, 24 | P91: 45729 | S91: =VLOOKUP(H91,TDS!$B$2:$C$70,2,0) -> #N/A | T91: =VLOOKUP(H91,TDS!$B$2:$D$70,3,0) -> #N/A
A92: 100222362 | B92: ONNSYNEX VENTURES PRIVATE LIMITED | C92: 2025 | D92: 3 | E92: 45729 | F92: DR | G92: NA | H92: 246788410060 | I92: 212100 | J92: 1800000065 | K92: USD | L92: 37.2 | M92: INR | N92: 3224.91 | O92: VAS Activity Charges for the month of August, 24 | P92: 45729 | S92: =VLOOKUP(H92,TDS!$B$2:$C$70,2,0) -> 62 | T92: =VLOOKUP(H92,TDS!$B$2:$D$70,3,0) -> 194C
A93: 100222362 | B93: ONNSYNEX VENTURES PRIVATE LIMITED | C93: 2025 | D93: 3 | E93: 45729 | F93: DR | G93: NA | H93: 246788410061 | I93: 212100 | J93: 1800000066 | K93: USD | L93: 26.23 | M93: INR | N93: 2273.91 | O93: VAS Activity Charges for the month of August, 24 | P93: 45729 | S93: =VLOOKUP(H93,TDS!$B$2:$C$70,2,0) -> 44 | T93: =VLOOKUP(H93,TDS!$B$2:$D$70,3,0) -> 194C
A94: 100222362 | B94: ONNSYNEX VENTURES PRIVATE LIMITED | C94: 2025 | D94: 3 | E94: 45729 | F94: DR | G94: NA | H94: 246788410062 | I94: 212100 | J94: 1800000067 | K94: USD | L94: 26.23 | M94: INR | N94: 2273.91 | O94: VAS Activity Charges for the month of August, 24 | P94: 45729 | S94: =VLOOKUP(H94,TDS!$B$2:$C$70,2,0) -> 44 | T94: =VLOOKUP(H94,TDS!$B$2:$D$70,3,0) -> 194C
A95: 100222362 | B95: ONNSYNEX VENTURES PRIVATE LIMITED | C95: 2025 | D95: 3 | E95: 45729 | F95: DR | G95: NA | H95: 246788410063 | I95: 212100 | J95: 1800000068 | K95: USD | L95: 23.85 | M95: INR | N95: 2067.59 | O95: VAS Activity Charges for the month of August, 24 | P95: 45729 | S95: =VLOOKUP(H95,TDS!$B$2:$C$70,2,0) -> 40 | T95: =VLOOKUP(H95,TDS!$B$2:$D$70,3,0) -> 194C
A96: 100222362 | B96: ONNSYNEX VENTURES PRIVATE LIMITED | C96: 2025 | D96: 3 | E96: 45729 | F96: DR | G96: NA | H96: 246788410064 | I96: 212100 | J96: 1800000069 | K96: USD | L96: 23.87 | M96: INR | N96: 2069.32 | O96: VAS Activity Charges for the month of September, 2 | P96: 45729 | S96: =VLOOKUP(H96,TDS!$B$2:$C$70,2,0) -> 40 | T96: =VLOOKUP(H96,TDS!$B$2:$D$70,3,0) -> 194C
A97: 100222362 | B97: ONNSYNEX VENTURES PRIVATE LIMITED | C97: 2025 | D97: 3 | E97: 45729 | F97: DR | G97: NA | H97: 246788410065 | I97: 212100 | J97: 1800000070 | K97: USD | L97: 23.63 | M97: INR | N97: 2048.51 | O97: VAS Activity Charges for the month of September, 2 | P97: 45729 | S97: =VLOOKUP(H97,TDS!$B$2:$C$70,2,0) -> 40 | T97: =VLOOKUP(H97,TDS!$B$2:$D$70,3,0) -> 194C
A98: 100222362 | B98: ONNSYNEX VENTURES PRIVATE LIMITED | C98: 2025 | D98: 3 | E98: 45736 | F98: DR | G98: NA | H98: 246779414916 | I98: 212100 | J98: 1800005048 | K98: USD | L98: 7.26 | M98: INR | N98: 629.38 | O98: Inbound Handling charges for Feb 2025 | P98: 45736 | S98: =VLOOKUP(H98,TDS!$B$2:$C$70,2,0) -> 13 | T98: =VLOOKUP(H98,TDS!$B$2:$D$70,3,0) -> 194C
A99: 100222362 | B99: ONNSYNEX VENTURES PRIVATE LIMITED | C99: 2025 | D99: 3 | E99: 45736 | F99: DR | G99: NA | H99: 246779414917 | I99: 212100 | J99: 1800005049 | K99: USD | L99: 12 | M99: INR | N99: 1040.3 | O99: LCL Movement Charges for Feb 2025 | P99: 45736 | S99: =VLOOKUP(H99,TDS!$B$2:$C$70,2,0) -> 21 | T99: =VLOOKUP(H99,TDS!$B$2:$D$70,3,0) -> 194C
A100: 100222362 | B100: ONNSYNEX VENTURES PRIVATE LIMITED | C100: 2025 | D100: 2 | E100: 45708 | F100: DR | G100: NA | H100: 246788410019 | I100: 212100 | J100: 1800000029 | K100: USD | L100: 75 | M100: INR | N100: 6472.77 | O100: Fixed Rental charges for Feb 2025 | P100: 45708 | S100: =VLOOKUP(H100,TDS!$B$2:$C$70,2,0) -> 638 | T100: =VLOOKUP(H100,TDS!$B$2:$D$70,3,0) -> 194I
... A104: 100222362 | B104: ONNSYNEX VENTURES PRIVATE LIMITED | C104: 2025 | D104: 8 | E104: 45889 | F104: DR | G104: NA | H104: 256788410352 | I104: 212100 | J104: 1800000475 | K104: USD | L104: 342.84 | M104: INR | N104: 29494.57 | O104: Outbound chgs - 01- 15 AUG 25 | P104: 45889 | S104: =VLOOKUP(H104,TDS!$B$2:$C$70,2,0) -> #N/A | T104: =VLOOKUP(H104,TDS!$B$2:$D$70,3,0) -> #N/A
A105: 100222362 | B105: ONNSYNEX VENTURES PRIVATE LIMITED | C105: 2025 | D105: 2 | E105: 45707 | F105: DG | G105: NA | H105: 246788420003 | I105: 212100 | J105: 1600000004 | K105: USD | L105: -75 | M105: INR | N105: -6472.77 | O105: Credit note raise against INV#1800000000 | P105: 45707 | Q105: 45707 | R105: 1400000001 | S105: =VLOOKUP(H105,TDS!$B$2:$C$70,2,0) -> #N/A | T105: =VLOOKUP(H105,TDS!$B$2:$D$70,3,0) -> #N/A
A106: 100222362 | B106: ONNSYNEX VENTURES PRIVATE LIMITED | C106: 2025 | D106: 2 | E106: 45707 | F106: DR | G106: NA | H106: 246788410005 | I106: 212100 | J106: 1800000006 | K106: USD | L106: 75 | M106: INR | N106: 6472.77 | O106: Fixed Rental charges for Aug 2024 | P106: 45707 | S106: =VLOOKUP(H106,TDS!$B$2:$C$70,2,0) -> 638 | T106: =VLOOKUP(H106,TDS!$B$2:$D$70,3,0) -> 194I
A107: 100222362 | B107: ONNSYNEX VENTURES PRIVATE LIMITED | C107: 2025 | D107: 2 | E107: 45707 | F107: DR | G107: NA | H107: 246788410009 | I107: 212100 | J107: 1800000022 | K107: USD | L107: 75 | M107: INR | N107: 6472.77 | O107: Fixed Rental charges for Sept 2024 | P107: 45707 | S107: =VLOOKUP(H107,TDS!$B$2:$C$70,2,0) -> 638 | T107: =VLOOKUP(H107,TDS!$B$2:$D$70,3,0) -> 194I
A108: 100222362 | B108: ONNSYNEX VENTURES PRIVATE LIMITED | C108: 2025 | D108: 2 | E108: 45707 | F108: DR | G108: NA | H108: 246788410013 | I108: 212100 | J108: 1800000018 | K108: USD | L108: 75 | M108: INR | N108: 6472.77 | O108: Fixed Rental charges for Oct 2024 | P108: 45707 | S108: =VLOOKUP(H108,TDS!$B$2:$C$70,2,0) -> 638 | T108: =VLOOKUP(H108,TDS!$B$2:$D$70,3,0) -> 194I
A109: 100222362 | B109: ONNSYNEX VENTURES PRIVATE LIMITED | C109: 2025 | D109: 2 | E109: 45707 | F109: DR | G109: NA | H109: 246788410015 | I109: 212100 | J109: 1800000010 | K109: USD | L109: 75 | M109: INR | N109: 6472.77 | O109: Fixed Rental charges for Nov 2024 | P109: 45707 | S109: =VLOOKUP(H109,TDS!$B$2:$C$70,2,0) -> 638 | T109: =VLOOKUP(H109,TDS!$B$2:$D$70,3,0) -> 194I
A110: 100222362 | B110: ONNSYNEX VENTURES PRIVATE LIMITED | C110: 2025 | D110: 2 | E110: 45707 | F110: DR | G110: NA | H110: 246788410017 | I110: 212100 | J110: 1800000012 | K110: USD | L110: 75 | M110: INR | N110: 6472.77 | O110: Fixed Rental charges for Dec 2024 | P110: 45707 | S110: =VLOOKUP(H110,TDS!$B$2:$C$70,2,0) -> 638 | T110: =VLOOKUP(H110,TDS!$B$2:$D$70,3,0) -> 194I
A111: 100222362 | B111: ONNSYNEX VENTURES PRIVATE LIMITED | C111: 2025 | D111: 9 | E111: 45923 | F111: DG | G111: NA | H111: 256788420122 | I111: 212100 | J111: 1600000242 | K111: USD | L111: -9 | M111: INR | N111: -774.01 | O111: Credit note raised against INV_256788410267 | P111: 45923 | Q111: 45976 | R111: 1400000084 | S111: =VLOOKUP(H111,TDS!$B$2:$C$70,2,0) -> #N/A | T111: =VLOOKUP(H111,TDS!$B$2:$D$70,3,0) -> #N/A
A112: 100222362 | B112: ONNSYNEX VENTURES PRIVATE LIMITED | C112: 2025 | D112: 11 | E112: 45973 | F112: DR | G112: NA | H112: 256788410459 | I112: 212100 | J112: 1800000594 | K112: USD | L112: 8006.66 | M112: INR | N112: 704613.22 | O112: Unit-Storage-1-31 Oct 25 | P112: 45973 | S112: =VLOOKUP(H112,TDS!$B$2:$C$70,2,0) -> #N/A | T112: =VLOOKUP(H112,TDS!$B$2:$D$70,3,0) -> #N/A
A113: 100222362 | B113: ONNSYNEX VENTURES PRIVATE LIMITED | C113: 2025 | D113: 11 | E113: 45973 | F113: DG | G113: NA | H113: 256788420147 | I113: 212100 | J113: 1600000270 | K113: USD | L113: -4547.2 | M113: INR | N113: -400169.02 | O113: Credit note against - 256788410454 | P113: 45973 | S113: =VLOOKUP(H113,TDS!$B$2:$C$70,2,0) -> #N/A | T113: =VLOOKUP(H113,TDS!$B$2:$D$70,3,0) -> #N/A
A114: 100222362 | B114: ONNSYNEX VENTURES PRIVATE LIMITED | C114: 2025 | D114: 6 | E114: 45821 | F114: DR | G114: NA | H114: 256779414346 | I114: 212100 | J114: 1800009582 | K114: USD | L114: 2322.04 | M114: INR | N114: 198513.01 | O114: CY Longstanding - March 25,16-31 | P114: 45821 | S114: =VLOOKUP(H114,TDS!$B$2:$C$70,2,0) -> #N/A | T114: =VLOOKUP(H114,TDS!$B$2:$D$70,3,0) -> #N/A
A115: 100222362 | B115: ONNSYNEX VENTURES PRIVATE LIMITED | C115: 2025 | D115: 5 | E115: 45797 | F115: DR | G115: NA | H115: 256788410220 | I115: 212100 | J115: 1800000345 | K115: USD | L115: 67.2 | M115: INR | N115: 5778.1 | O115: Outbound chgs - 01 - 15 May 25 | P115: 45797 | S115: =VLOOKUP(H115,TDS!$B$2:$C$70,2,0) -> #N/A | T115: =VLOOKUP(H115,TDS!$B$2:$D$70,3,0) -> #N/A
A116: 100222362 | B116: ONNSYNEX VENTURES PRIVATE LIMITED | C116: 2025 | D116: 4 | E116: 45750 | F116: DR | G116: NA | H116: 256779410198 | I116: 212100 | J116: 1800005306 | K116: USD | L116: 3.45 | M116: INR | N116: 299.88 | O116: VAS Activity -1 -15 Mar 25, Ex Rate. 87.01 | P116: 45750 | S116: =VLOOKUP(H116,TDS!$B$2:$C$70,2,0) -> 6 | T116: =VLOOKUP(H116,TDS!$B$2:$D$70,3,0) -> 194C
A117: 100222362 | B117: ONNSYNEX VENTURES PRIVATE LIMITED | C117: 2025 | D117: 10 | E117: 45950 | F117: DR | G117: NA | H117: 256788410435 | I117: 212100 | J117: 1800000558 | K117: USD | L117: 38 | M117: INR | N117: 3351.25 | O117: LCL chgs - 01 -15 OCT 25 | P117: 45950 | S117: =VLOOKUP(H117,TDS!$B$2:$C$70,2,0) -> #N/A | T117: =VLOOKUP(H117,TDS!$B$2:$D$70,3,0) -> #N/A
A118: 100222362 | B118: ONNSYNEX VENTURES PRIVATE LIMITED | C118: 2025 | D118: 10 | E118: 45950 | F118: DR | G118: NA | H118: 256788410437 | I118: 212100 | J118: 1800000560 | K118: USD | L118: 346.14 | M118: INR | N118: 30526.35 | O118: Outbound chgs - 01 - 15 OCT 25 | P118: 45950 | S118: =VLOOKUP(H118,TDS!$B$2:$C$70,2,0) -> #N/A | T118: =VLOOKUP(H118,TDS!$B$2:$D$70,3,0) -> #N/A
A119: 100222362 | B119: ONNSYNEX VENTURES PRIVATE LIMITED | C119: 2025 | D119: 4 | E119: 45749 | F119: DR | G119: NA | H119: 256788410001 | I119: 212100 | J119: 1800000126 | K119: USD | L119: 10887.57 | M119: INR | N119: 946367.4 | O119: Storage Charges Jan, 25 | P119: 45749 | S119: =VLOOKUP(H119,TDS!$B$2:$C$70,2,0) -> 94637 | T119: =VLOOKUP(H119,TDS!$B$2:$D$70,3,0) -> 194I
A120: 100222362 | B120: ONNSYNEX VENTURES PRIVATE LIMITED | C120: 2025 | D120: 4 | E120: 45749 | F120: DR | G120: NA | H120: 256788410002 | I120: 212100 | J120: 1800000127 | K120: USD | L120: 9928.89 | M120: INR | N120: 863037.19 | O120: Storage Charges Feb, 25 | P120: 45749 | S120: =VLOOKUP(H120,TDS!$B$2:$C$70,2,0) -> 86304 | T120: =VLOOKUP(H120,TDS!$B$2:$D$70,3,0) -> 194I
A121: 100222362 | B121: ONNSYNEX VENTURES PRIVATE LIMITED | C121: 2025 | D121: 4 | E121: 45749 | F121: DR | G121: NA | H121: 256788410003 | I121: 212100 | J121: 1800000128 | K121: USD | L121: 4.5 | M121: INR | N121: 391.15 | O121: Outbound Handling charges for Jan 2025 | P121: 45749 | S121: =VLOOKUP(H121,TDS!$B$2:$C$70,2,0) -> #N/A | T121: =VLOOKUP(H121,TDS!$B$2:$D$70,3,0) -> #N/A
A122: 100222362 | B122: ONNSYNEX VENTURES PRIVATE LIMITED | C122: 2025 | D122: 4 | E122: 45749 | F122: DR | G122: NA | H122: 256788410004 | I122: 212100 | J122: 1800000129 | K122: USD | L122: 2786.28 | M122: INR | N122: 242188.53 | O122: CY Longstanding Ground Rent charges for Dec 2024. | P122: 45749 | S122: =VLOOKUP(H122,TDS!$B$2:$C$70,2,0) -> 24219 | T122: =VLOOKUP(H122,TDS!$B$2:$D$70,3,0) -> 194I
A123: 100222362 | B123: ONNSYNEX VENTURES PRIVATE LIMITED | C123: 2025 | D123: 4 | E123: 45749 | F123: DR | G123: NA | H123: 256788410009 | I123: 212100 | J123: 1800000134 | K123: USD | L123: 2934.66 | M123: INR | N123: 255085.99 | O123: CY Longstanding Ground Rent charges for Nov 2024. | P123: 45749 | S123: =VLOOKUP(H123,TDS!$B$2:$C$70,2,0) -> 25509 | T123: =VLOOKUP(H123,TDS!$B$2:$D$70,3,0) -> 194I
... A125: 100222362 | B125: ONNSYNEX VENTURES PRIVATE LIMITED | C125: 2025 | D125: 4 | E125: 45749 | F125: DR | G125: NA | H125: 256788410016 | I125: 212100 | J125: 1800000141 | K125: USD | L125: 3979.2 | M125: INR | N125: 345879.31 | O125: CY Longstanding Ground Rent charges for Sept 2024. | P125: 45749 | S125: =VLOOKUP(H125,TDS!$B$2:$C$70,2,0) -> 34588 | T125: =VLOOKUP(H125,TDS!$B$2:$D$70,3,0) -> 194I
A126: 100222362 | B126: ONNSYNEX VENTURES PRIVATE LIMITED | C126: 2025 | D126: 4 | E126: 45749 | F126: DR | G126: NA | H126: 256788410019 | I126: 212100 | J126: 1800000144 | K126: USD | L126: 75 | M126: INR | N126: 6519.14 | O126: Fixed Rental charges for Feb 2025 | P126: 45749 | Q126: 45976 | R126: 1400000084 | S126: =VLOOKUP(H126,TDS!$B$2:$C$70,2,0) -> #N/A | T126: =VLOOKUP(H126,TDS!$B$2:$D$70,3,0) -> #N/A
A127: 100222362 | B127: ONNSYNEX VENTURES PRIVATE LIMITED | C127: 2025 | D127: 4 | E127: 45749 | F127: DR | G127: NA | H127: 256788410023 | I127: 212100 | J127: 1800000148 | K127: USD | L127: 75 | M127: INR | N127: 6519.14 | O127: Fixed Rental charges for Jan 2025 | P127: 45749 | Q127: 45976 | R127: 1400000084 | S127: =VLOOKUP(H127,TDS!$B$2:$C$70,2,0) -> #N/A | T127: =VLOOKUP(H127,TDS!$B$2:$D$70,3,0) -> #N/A
A128: 100222362 | B128: ONNSYNEX VENTURES PRIVATE LIMITED | C128: 2025 | D128: 12 | E128: 45995 | F128: DR | G128: NA | H128: 256788410465 | I128: 212100 | J128: 1800000608 | K128: USD | L128: 3385.09 | M128: INR | N128: 300257.96 | O128: Unit-Storage-1-30 Nov 25 | P128: 45995 | S128: =VLOOKUP(H128,TDS!$B$2:$C$70,2,0) -> #N/A | T128: =VLOOKUP(H128,TDS!$B$2:$D$70,3,0) -> #N/A
...

Sheet LEDGER
A1: Customer | B1: Customer Account: Name 1 | C1: Fiscal Year | D1: Posting period | E1: Posting Date | F1: Document Number | G1: Document Type | H1: Document Header Text | I1: Invoice No | J1: G/L Account | K1: Document Currency Key | L1: Document Currency Value | M1: Company Code Currency Key | N1: Company Code Currency Value | O1: Text | P1: Baseline Payment Dte | Q1: Clearing Date | R1: Clearing Document | S1: TDS
A2: 100222362 | B2: ONNSYNEX VENTURES PRIVATE LIMITED | C2: 2025 | D2: 4 | E2: 45758 | F2: 1600000012 | G2: DA | J2: 212100 | K2: INR | L2: 1 | M2: INR | N2: 1 | O2: Overpayment | P2: 45758 | Q2: 45758 | R2: 1600000012 | S2: =VLOOKUP(I2,TDS!$A$1:$C$70,4,FALSE) -> #N/A
A3: 100222362 | B3: ONNSYNEX VENTURES PRIVATE LIMITED | C3: 2025 | D3: 4 | E3: 45758 | F3: 1600000012 | G3: DA | J3: 212100 | K3: INR | L3: -1 | M3: INR | N3: -1 | O3: Overpayment | P3: 45758 | Q3: 45758 | R3: 1600000012 | S3: =VLOOKUP(I3,TDS!$A$1:$C$70,4,FALSE) -> #N/A
A4: 100222362 | B4: ONNSYNEX VENTURES PRIVATE LIMITED | C4: 2025 | D4: 2 | E4: 45705 | F4: 1400000001 | G4: DY | H4: Na | J4: 212100 | K4: USD | L4: 75 | M4: INR | N4: 6472.77 | P4: 45705 | Q4: 45707 | R4: 1400000001 | S4: =VLOOKUP(I4,TDS!$A$1:$C$70,4,FALSE) -> #N/A
A5: 100222362 | B5: ONNSYNEX VENTURES PRIVATE LIMITED | C5: 2025 | D5: 2 | E5: 45705 | F5: 1400000001 | G5: DY | H5: Na | J5: 212100 | K5: USD | L5: -75 | M5: INR | N5: -6472.77 | P5: 45705 | Q5: 45707 | R5: 1400000001 | S5: =VLOOKUP(I5,TDS!$A$1:$C$70,4,FALSE) -> #N/A
A6: 100222362 | B6: ONNSYNEX VENTURES PRIVATE LIMITED | C6: 2025 | D6: 8 | E6: 45889 | F6: 1400000026 | G6: DZ | H6: RBINR52025071152142380 | J6: 212100 | K6: INR | L6: -500000 | M6: INR | N6: -500000 | P6: 45889 | S6: =VLOOKUP(I6,TDS!$A$1:$C$70,4,FALSE) -> #N/A
A7: 100222362 | B7: ONNSYNEX VENTURES PRIVATE LIMITED | C7: 2025 | D7: 8 | E7: 45889 | F7: 1400000027 | G7: DZ | H7: RBINR52025071152144290 | J7: 212100 | K7: INR | L7: -500000 | M7: INR | N7: -500000 | P7: 45889 | S7: =VLOOKUP(I7,TDS!$A$1:$C$70,4,FALSE) -> #N/A
A8: 100222362 | B8: ONNSYNEX VENTURES PRIVATE LIMITED | C8: 2025 | D8: 10 | E8: 45931 | F8: 1400000043 | G8: DZ | H8: HDFCR52025091059694776 | J8: 212100 | K8: INR | L8: -500000 | M8: INR | N8: -500000 | P8: 45931 | S8: =VLOOKUP(I8,TDS!$A$1:$C$70,4,FALSE) -> #N/A
A9: 100222362 | B9: ONNSYNEX VENTURES PRIVATE LIMITED | C9: 2025 | D9: 10 | E9: 45931 | F9: 1400000044 | G9: DZ | H9: HDFCR52025091059714564 | J9: 212100 | K9: INR | L9: -500000 | M9: INR | N9: -500000 | P9: 45931 | S9: =VLOOKUP(I9,TDS!$A$1:$C$70,4,FALSE) -> #N/A
A10: 100222362 | B10: ONNSYNEX VENTURES PRIVATE LIMITED | C10: 2025 | D10: 10 | E10: 45931 | F10: 1400000045 | G10: DZ | H10: HDFCR52025091059694771 | J10: 212100 | K10: INR | L10: -500000 | M10: INR | N10: -500000 | P10: 45931 | S10: =VLOOKUP(I10,TDS!$A$1:$C$70,4,FALSE) -> #N/A
A11: 100222362 | B11: ONNSYNEX VENTURES PRIVATE LIMITED | C11: 2025 | D11: 10 | E11: 45931 | F11: 1400000046 | G11: DZ | H11: RBINR52025091011436663 | J11: 212100 | K11: INR | L11: -500000 | M11: INR | N11: -500000 | P11: 45931 | S11: =VLOOKUP(I11,TDS!$A$1:$C$70,4,FALSE) -> #N/A
A12: 100222362 | B12: ONNSYNEX VENTURES PRIVATE LIMITED | C12: 2025 | D12: 10 | E12: 45959 | F12: 1400000055 | G12: DZ | H12: FDX3H9MYLVYP | J12: 212100 | K12: INR | L12: -5000000 | M12: INR | N12: -5000000 | P12: 45959 | S12: =VLOOKUP(I12,TDS!$A$1:$C$70,4,FALSE) -> #N/A
A13: 100222362 | B13: ONNSYNEX VENTURES PRIVATE LIMITED | C13: 2025 | D13: 2 | E13: 45701 | F13: 7000000036 | G13: XC | H13: 6788ZP25000006 | I13: 6788ZP25000006 | J13: 212100 | K13: INR | L13: -1 | M13: INR | N13: -1 | O13: Overpayment | P13: 45701 | Q13: 45758 | R13: 1600000012 | S13: =VLOOKUP(I13,TDS!$A$1:$C$70,4,FALSE) -> #N/A
A14: 100222362 | B14: ONNSYNEX VENTURES PRIVATE LIMITED | C14: 2025 | D14: 3 | E14: 45744 | F14: 7000000128 | G14: XC | H14: 6788ZR25000006 | I14: 6788ZR25000006 | J14: 212100 | K14: INR | L14: 1 | M14: INR | N14: 1 | O14: Overpayment | P14: 45701 | Q14: 45758 | R14: 1600000012 | S14: =VLOOKUP(I14,TDS!$A$1:$C$70,4,FALSE) -> #N/A
A15: 100222362 | B15: ONNSYNEX VENTURES PRIVATE LIMITED | C15: 2025 | D15: 4 | E15: 45748 | F15: 7000000131 | G15: XC | H15: 6788ZP25000117 | I15: 6788ZP25000117 | J15: 212100 | K15: INR | L15: -1500000 | M15: INR | N15: -1500000 | O15: as per SME conformation parked as overpayment | P15: 45743 | S15: =VLOOKUP(I15,TDS!$A$1:$C$70,4,FALSE) -> #N/A
A16: 100222362 | B16: ONNSYNEX VENTURES PRIVATE LIMITED | C16: 2025 | D16: 11 | E16: 45976 | F16: 1400000084 | G16: DY | H16: NA | I16: KNOCK OFF ENTRY | J16: 212100 | K16: USD | L16: 150 | M16: INR | N16: 12897.56 | P16: 45976 | Q16: 45976 | R16: 1400000084 | S16: =VLOOKUP(I16,TDS!$A$1:$C$70,4,FALSE) -> #N/A
A17: 100222362 | B17: ONNSYNEX VENTURES PRIVATE LIMITED | C17: 2025 | D17: 11 | E17: 45976 | F17: 1400000084 | G17: DY | H17: NA | I17: KNOCK OFF ENTRY | J17: 212100 | K17: USD | L17: -150 | M17: INR | N17: -13038.28 | P17: 45976 | Q17: 45976 | R17: 1400000084 | S17: =VLOOKUP(I17,TDS!$A$1:$C$70,4,FALSE) -> #N/A
A18: 100222362 | B18: ONNSYNEX VENTURES PRIVATE LIMITED | C18: 2025 | D18: 8 | E18: 45889 | F18: 1800000477 | G18: DR | H18: NA | I18: 256788410349 | J18: 212100 | K18: USD | L18: 100 | M18: INR | N18: 8603.01 | O18: INTRA 1-15 Aug 25 | P18: 45889 | S18: =VLOOKUP(I18,TDS!$A$1:$C$70,4,FALSE) -> #N/A
A19: 100222362 | B19: ONNSYNEX VENTURES PRIVATE LIMITED | C19: 2025 | D19: 9 | E19: 45904 | F19: 1800000479 | G19: DR | H19: NA | I19: 256788410353 | J19: 212100 | K19: USD | L19: 100 | M19: INR | N19: 8751.43 | O19: Intra 16-31 Aug 25 | P19: 45904 | S19: =VLOOKUP(I19,TDS!$A$1:$C$70,4,FALSE) -> #N/A
A20: 100222362 | B20: ONNSYNEX VENTURES PRIVATE LIMITED | C20: 2025 | D20: 4 | E20: 45751 | F20: 1800000152 | G20: DR | H20: NA | I20: 256788410027 | J20: 212100 | K20: USD | L20: 170 | M20: INR | N20: 14776.71 | O20: Transportation Inbound charges for Jan 25 | P20: 45755 | S20: =VLOOKUP(I20,TDS!$A$1:$C$70,4,FALSE) -> #N/A
A21: 100222362 | B21: ONNSYNEX VENTURES PRIVATE LIMITED | C21: 2025 | D21: 3 | E21: 45722 | F21: 1800000050 | G21: DR | H21: NA | I21: 246788410045 | J21: 212100 | K21: USD | L21: 841.24 | M21: INR | N21: 72928.16 | O21: Storage Charges for the month of November 2024 | P21: 45722 | S21: =VLOOKUP(I21,TDS!$A$1:$C$70,4,FALSE) -> #N/A
A22: 100222362 | B22: ONNSYNEX VENTURES PRIVATE LIMITED | C22: 2025 | D22: 3 | E22: 45722 | F22: 1800000051 | G22: DR | H22: NA | I22: 246788410046 | J22: 212100 | K22: USD | L22: 4169.66 | M22: INR | N22: 361473.08 | O22: Storage Charges for the month of December 2024 | P22: 45722 | S22: =VLOOKUP(I22,TDS!$A$1:$C$70,4,FALSE) -> #N/A
A23: 100222362 | B23: ONNSYNEX VENTURES PRIVATE LIMITED | C23: 2025 | D23: 3 | E23: 45719 | F23: 1800000045 | G23: DR | H23: NA | I23: 246788410039 | J23: 212100 | K23: USD | L23: 1044.69 | M23: INR | N23: 90565.49 | O23: CY-CY Ground Rent charges for Oct 2024. Exchange c | P23: 45719 | S23: =VLOOKUP(I23,TDS!$A$1:$C$70,4,FALSE) -> #N/A
A24: 100222362 | B24: ONNSYNEX VENTURES PRIVATE LIMITED | C24: 2025 | D24: 3 | E24: 45719 | F24: 1800000046 | G24: DR | H24: NA | I24: 246788410040 | J24: 212100 | K24: USD | L24: 129.98 | M24: INR | N24: 11268.13 | O24: CY-CY Ground Rent charges for Dec 2024. Exchange c | P24: 45719 | S24: =VLOOKUP(I24,TDS!$A$1:$C$70,4,FALSE) -> #N/A
A25: 100222362 | B25: ONNSYNEX VENTURES PRIVATE LIMITED | C25: 2025 | D25: 3 | E25: 45719 | F25: 1800000047 | G25: DR | H25: NA | I25: 246788410042 | J25: 212100 | K25: USD | L25: 4421.13 | M25: INR | N25: 383273.33 | O25: Storage Charges for the month of August, 2024 | P25: 45719 | S25: =VLOOKUP(I25,TDS!$A$1:$C$70,4,FALSE) -> #N/A
A26: 100222362 | B26: ONNSYNEX VENTURES PRIVATE LIMITED | C26: 2025 | D26: 3 | E26: 45719 | F26: 1800000048 | G26: DR | H26: NA | I26: 246788410043 | J26: 212100 | K26: USD | L26: 2730.01 | M26: INR | N26: 236668.01 | O26: Storage Charges for the month of September, 2024 | P26: 45719 | S26: =VLOOKUP(I26,TDS!$A$1:$C$70,4,FALSE) -> #N/A
A27: 100222362 | B27: ONNSYNEX VENTURES PRIVATE LIMITED | C27: 2025 | D27: 3 | E27: 45719 | F27: 1800000049 | G27: DR | H27: NA | I27: 246788410044 | J27: 212100 | K27: USD | L27: 474.24 | M27: INR | N27: 41112.46 | O27: Storage Charges for the month of October, 2024 | P27: 45719 | S27: =VLOOKUP(I27,TDS!$A$1:$C$70,4,FALSE) -> #N/A
A28: 100222362 | B28: ONNSYNEX VENTURES PRIVATE LIMITED | C28: 2025 | D28: 8 | E28: 45870 | F28: 1800000447 | G28: DR | H28: NA | I28: 256788410322 | J28: 212100 | K28: USD | L28: 75 | M28: INR | N28: 6452.26 | O28: Fixed Storage Charges for August 2025 | P28: 45870 | S28: =VLOOKUP(I28,TDS!$A$1:$C$70,4,FALSE) -> #N/A
A29: 100222362 | B29: ONNSYNEX VENTURES PRIVATE LIMITED | C29: 2025 | D29: 6 | E29: 45818 | F29: 1800000353 | G29: DR | H29: NA | I29: 256788410228 | J29: 212100 | K29: USD | L29: 75 | M29: INR | N29: 6411.81 | O29: Fixed Storage Charges fo JUNE 2025 | P29: 45818 | S29: =VLOOKUP(I29,TDS!$A$1:$C$70,4,FALSE) -> #N/A
... A34: 100222362 | B34: ONNSYNEX VENTURES PRIVATE LIMITED | C34: 2025 | D34: 5 | E34: 45785 | F34: 1800000343 | G34: DR | H34: NA | I34: 256788410218 | J34: 212100 | K34: USD | L34: 13.18 | M34: INR | N34: 1133.27 | O34: Outbound chgs - 16 - 30 Apr 25 | P34: 45785 | S34: =VLOOKUP(I34,TDS!$A$1:$C$70,4,FALSE) -> #N/A
A35: 100222362 | B35: ONNSYNEX VENTURES PRIVATE LIMITED | C35: 2025 | D35: 10 | E35: 45947 | F35: 1600000261 | G35: DG | H35: NA | I35: 256788420141 | J35: 212100 | K35: USD | L35: -1211.9 | M35: INR | N35: -106878.39 | O35: Credit note raised against 256788410417 | P35: 45947 | Q35: 45976 | R35: 1400000084 | S35: =VLOOKUP(I35,TDS!$A$1:$C$70,4,FALSE) -> #N/A
A36: 100222362 | B36: ONNSYNEX VENTURES PRIVATE LIMITED | C36: 2025 | D36: 10 | E36: 45947 | F36: 1600000262 | G36: DG | H36: NA | I36: 256788420142 | J36: 212100 | K36: USD | L36: -40 | M36: INR | N36: -3527.63 | O36: Credit note raised against 256788410418 | P36: 45947 | Q36: 45976 | R36: 1400000084 | S36: =VLOOKUP(I36,TDS!$A$1:$C$70,4,FALSE) -> #N/A
A37: 100222362 | B37: ONNSYNEX VENTURES PRIVATE LIMITED | C37: 2025 | D37: 10 | E37: 45947 | F37: 1600000263 | G37: DG | H37: NA | I37: 256788420143 | J37: 212100 | K37: USD | L37: -11.26 | M37: INR | N37: -993.03 | O37: Credit note raised against 256788410419 | P37: 45947 | Q37: 45976 | R37: 1400000084 | S37: =VLOOKUP(I37,TDS!$A$1:$C$70,4,FALSE) -> #N/A
A38: 100222362 | B38: ONNSYNEX VENTURES PRIVATE LIMITED | C38: 2025 | D38: 4 | E38: 45763 | F38: 1800007124 | G38: DR | H38: NA | I38: 256779412015 | J38: 212100 | K38: USD | L38: 86.56 | M38: INR | N38: 7523.95 | O38: VAS Activity - Jan 25, Ex Rate. 86.64 | P38: 45763 | S38: =VLOOKUP(I38,TDS!$A$1:$C$70,4,FALSE) -> #N/A
A39: 100222362 | B39: ONNSYNEX VENTURES PRIVATE LIMITED | C39: 2025 | D39: 4 | E39: 45763 | F39: 1800007167 | G39: DR | H39: NA | I39: 256779412058 | J39: 212100 | K39: USD | L39: 188.84 | M39: INR | N39: 16414.32 | O39: VAS Activity - Feb 25, Ex Rate. 87.40 | P39: 45763 | S39: =VLOOKUP(I39,TDS!$A$1:$C$70,4,FALSE) -> #N/A
A40: 100222362 | B40: ONNSYNEX VENTURES PRIVATE LIMITED | C40: 2025 | D40: 4 | E40: 45763 | F40: 1800007205 | G40: DR | H40: NA | I40: 256779412096 | J40: 212100 | K40: USD | L40: 16.83 | M40: INR | N40: 1462.89 | O40: VAS Activity - Mar 25, 16-31, Ex Rate. 85.58 | P40: 45763 | S40: =VLOOKUP(I40,TDS!$A$1:$C$70,4,FALSE) -> #N/A
A41: 100222362 | B41: ONNSYNEX VENTURES PRIVATE LIMITED | C41: 2025 | D41: 7 | E41: 45847 | F41: 1800000368 | G41: DR | H41: NA | I41: 256788410243 | J41: 212100 | K41: USD | L41: 30 | M41: INR | N41: 2580.02 | O41: CY - WH Destuff Charges fo MAY 2025 | P41: 45847 | S41: =VLOOKUP(I41,TDS!$A$1:$C$70,4,FALSE) -> #N/A
A42: 100222362 | B42: ONNSYNEX VENTURES PRIVATE LIMITED | C42: 2025 | D42: 7 | E42: 45847 | F42: 1800000384 | G42: DR | H42: NA | I42: 256788410259 | J42: 212100 | K42: USD | L42: 75 | M42: INR | N42: 6450.05 | O42: Fixed Rental charges for April 2025 | P42: 45847 | S42: =VLOOKUP(I42,TDS!$A$1:$C$70,4,FALSE) -> #N/A
A43: 100222362 | B43: ONNSYNEX VENTURES PRIVATE LIMITED | C43: 2025 | D43: 9 | E43: 45904 | F43: 1800012496 | G43: DR | H43: NA | I43: 256779416953 | J43: 212100 | K43: USD | L43: 2.14 | M43: INR | N43: 187.28 | O43: CODC Out chgs -16-31 Aug 25 | P43: 45904 | S43: =VLOOKUP(I43,TDS!$A$1:$C$70,4,FALSE) -> #N/A
A44: 100222362 | B44: ONNSYNEX VENTURES PRIVATE LIMITED | C44: 2025 | D44: 9 | E44: 45904 | F44: 1800000480 | G44: DR | H44: NA | I44: 256788410354 | J44: 212100 | K44: USD | L44: 12.52 | M44: INR | N44: 1095.68 | O44: VAS -16-31 Aug 25 | P44: 45904 | S44: =VLOOKUP(I44,TDS!$A$1:$C$70,4,FALSE) -> #N/A
A45: 100222362 | B45: ONNSYNEX VENTURES PRIVATE LIMITED | C45: 2025 | D45: 9 | E45: 45904 | F45: 1800000481 | G45: DR | H45: NA | I45: 256788410355 | J45: 212100 | K45: USD | L45: 13.66 | M45: INR | N45: 1195.45 | O45: WEIGHMENT -16-31 Aug 25 | P45: 45904 | S45: =VLOOKUP(I45,TDS!$A$1:$C$70,4,FALSE) -> #N/A
A46: 100222362 | B46: ONNSYNEX VENTURES PRIVATE LIMITED | C46: 2025 | D46: 9 | E46: 45904 | F46: 1800000483 | G46: DR | H46: NA | I46: 256788410358 | J46: 212100 | K46: USD | L46: 2262.04 | M46: INR | N46: 197960.92 | O46: CY Ground rent Chgs - 01 - 31 Aug 25 | P46: 45904 | S46: =VLOOKUP(I46,TDS!$A$1:$C$70,4,FALSE) -> #N/A
A47: 100222362 | B47: ONNSYNEX VENTURES PRIVATE LIMITED | C47: 2025 | D47: 9 | E47: 45904 | F47: 1800000488 | G47: DR | H47: NA | I47: 256788410359 | J47: 212100 | K47: USD | L47: 126.58 | M47: INR | N47: 11077.56 | O47: Empty Lolo Chgs Aug 25 | P47: 45904 | S47: =VLOOKUP(I47,TDS!$A$1:$C$70,4,FALSE) -> #N/A
A48: 100222362 | B48: ONNSYNEX VENTURES PRIVATE LIMITED | C48: 2025 | D48: 9 | E48: 45904 | F48: 1800000484 | G48: DR | H48: NA | I48: 256788410360 | J48: 212100 | K48: USD | L48: 348.21 | M48: INR | N48: 30473.36 | O48: PORT SSR Chgs Aug 25 | P48: 45904 | S48: =VLOOKUP(I48,TDS!$A$1:$C$70,4,FALSE) -> #N/A
A49: 100222362 | B49: ONNSYNEX VENTURES PRIVATE LIMITED | C49: 2025 | D49: 9 | E49: 45904 | F49: 1800000485 | G49: DR | H49: NA | I49: 256788410361 | J49: 212100 | K49: USD | L49: 26 | M49: INR | N49: 2275.37 | O49: LCL chgs - 16 - 31 AUG 25 | P49: 45904 | S49: =VLOOKUP(I49,TDS!$A$1:$C$70,4,FALSE) -> #N/A
... A58: 100222362 | B58: ONNSYNEX VENTURES PRIVATE LIMITED | C58: 2025 | D58: 7 | E58: 45842 | F58: 1800000383 | G58: DR | H58: NA | I58: 256788410258 | J58: 212100 | K58: USD | L58: 17 | M58: INR | N58: 1462.01 | O58: Outbound chgs - 16 - 30 JUN 25 | P58: 45842 | S58: =VLOOKUP(I58,TDS!$A$1:$C$70,4,FALSE) -> #N/A
A59: 100222362 | B59: ONNSYNEX VENTURES PRIVATE LIMITED | C59: 2025 | D59: 7 | E59: 45842 | F59: 1800000391 | G59: DR | H59: NA | I59: 256788410267 | J59: 212100 | K59: USD | L59: 9 | M59: INR | N59: 774.01 | O59: Outbound chgs - 01 - 15 JUL 25 | P59: 45842 | Q59: 45976 | R59: 1400000084 | S59: =VLOOKUP(I59,TDS!$A$1:$C$70,4,FALSE) -> #N/A
A60: 100222362 | B60: ONNSYNEX VENTURES PRIVATE LIMITED | C60: 2025 | D60: 11 | E60: 45966 | F60: 1800000576 | G60: DR | H60: NA | I60: 256788410441 | J60: 212100 | K60: USD | L60: 75 | M60: INR | N60: 6600.25 | O60: Fixed Storage Charges for November 2025 | P60: 45966 | S60: =VLOOKUP(I60,TDS!$A$1:$C$70,4,FALSE) -> #N/A
A61: 100222362 | B61: ONNSYNEX VENTURES PRIVATE LIMITED | C61: 2025 | D61: 11 | E61: 45966 | F61: 1800000587 | G61: DR | H61: NA | I61: 256788410448 | J61: 212100 | K61: USD | L61: 70 | M61: INR | N61: 6160.24 | O61: Intra SEZ-Transfer-16 -31 Oct 25 | P61: 45966 | S61: =VLOOKUP(I61,TDS!$A$1:$C$70,4,FALSE) -> #N/A
A62: 100222362 | B62: ONNSYNEX VENTURES PRIVATE LIMITED | C62: 2025 | D62: 11 | E62: 45966 | F62: 1800000588 | G62: DR | H62: NA | I62: 256788410449 | J62: 212100 | K62: USD | L62: 70 | M62: INR | N62: 6160.24 | O62: Intra SEZ-Transfer-16 -31 Oct 25 | P62: 45966 | S62: =VLOOKUP(I62,TDS!$A$1:$C$70,4,FALSE) -> #N/A
A63: 100222362 | B63: ONNSYNEX VENTURES PRIVATE LIMITED | C63: 2025 | D63: 11 | E63: 45966 | F63: 1800000589 | G63: DR | H63: NA | I63: 256788410450 | J63: 212100 | K63: USD | L63: 70 | M63: INR | N63: 6160.24 | O63: Intra SEZ-Transfer-16 -31 Oct 25 | P63: 45966 | S63: =VLOOKUP(I63,TDS!$A$1:$C$70,4,FALSE) -> #N/A
A64: 100222362 | B64: ONNSYNEX VENTURES PRIVATE LIMITED | C64: 2025 | D64: 11 | E64: 45966 | F64: 1800000590 | G64: DR | H64: NA | I64: 256788410451 | J64: 212100 | K64: USD | L64: 70 | M64: INR | N64: 6160.24 | O64: Intra SEZ-Transfer-16 -31 Oct 25 | P64: 45966 | S64: =VLOOKUP(I64,TDS!$A$1:$C$70,4,FALSE) -> #N/A
A65: 100222362 | B65: ONNSYNEX VENTURES PRIVATE LIMITED | C65: 2025 | D65: 11 | E65: 45966 | F65: 1800000591 | G65: DR | H65: NA | I65: 256788410452 | J65: 212100 | K65: USD | L65: 65.31 | M65: INR | N65: 5747.5 | O65: VAS-16 -31 Oct 25 | P65: 45966 | S65: =VLOOKUP(I65,TDS!$A$1:$C$70,4,FALSE) -> #N/A
A66: 100222362 | B66: ONNSYNEX VENTURES PRIVATE LIMITED | C66: 2025 | D66: 11 | E66: 45966 | F66: 1800000592 | G66: DR | H66: NA | I66: 256788410453 | J66: 212100 | K66: USD | L66: 31.56 | M66: INR | N66: 2777.39 | O66: WEIGHTMENT-16 -31 Oct 25 | P66: 45966 | S66: =VLOOKUP(I66,TDS!$A$1:$C$70,4,FALSE) -> #N/A
A67: 100222362 | B67: ONNSYNEX VENTURES PRIVATE LIMITED | C67: 2025 | D67: 11 | E67: 45966 | F67: 1800000585 | G67: DR | H67: NA | I67: 256788410454 | J67: 212100 | K67: USD | L67: 4547.2 | M67: INR | N67: 400169.02 | O67: Unit-Storage-1-31 Oct 25 | P67: 45966 | S67: =VLOOKUP(I67,TDS!$A$1:$C$70,4,FALSE) -> #N/A
A68: 100222362 | B68: ONNSYNEX VENTURES PRIVATE LIMITED | C68: 2025 | D68: 11 | E68: 45966 | F68: 1800000593 | G68: DR | H68: NA | I68: 256788410455 | J68: 212100 | K68: USD | L68: 338 | M68: INR | N68: 29745.15 | O68: Outbound chgs - 16 -31 OCT 25 | P68: 45966 | S68: =VLOOKUP(I68,TDS!$A$1:$C$70,4,FALSE) -> #N/A
A69: 100222362 | B69: ONNSYNEX VENTURES PRIVATE LIMITED | C69: 2025 | D69: 11 | E69: 45966 | F69: 1800000584 | G69: DR | H69: NA | I69: 256788410457 | J69: 212100 | K69: USD | L69: 93 | M69: INR | N69: 8184.32 | O69: LCL chgs - 16 -31 OCT 25 | P69: 45966 | S69: =VLOOKUP(I69,TDS!$A$1:$C$70,4,FALSE) -> #N/A
A70: 100222362 | B70: ONNSYNEX VENTURES PRIVATE LIMITED | C70: 2025 | D70: 11 | E70: 45966 | F70: 1800000586 | G70: DR | H70: NA | I70: 256788410458 | J70: 212100 | K70: USD | L70: 103.89 | M70: INR | N70: 9142.67 | O70: Empty Lolo Chgs Oct 25 | P70: 45966 | S70: =VLOOKUP(I70,TDS!$A$1:$C$70,4,FALSE) -> #N/A
A71: 100222362 | B71: ONNSYNEX VENTURES PRIVATE LIMITED | C71: 2025 | D71: 8 | E71: 45877 | F71: 1800000466 | G71: DR | H71: NA | I71: 256788410332 | J71: 212100 | K71: USD | L71: 443.76 | M71: INR | N71: 38176.73 | O71: Unit Storage - 1-30 June 25 | P71: 45877 | S71: =VLOOKUP(I71,TDS!$A$1:$C$70,4,FALSE) -> #N/A
... A84: 100222362 | B84: ONNSYNEX VENTURES PRIVATE LIMITED | C84: 2025 | D84: 6 | E84: 45812 | F84: 1800000352 | G84: DR | H84: NA | I84: 256788410227 | J84: 212100 | K84: USD | L84: 27.61 | M84: INR | N84: 2360.4 | O84: Empty Lolo Chgs - 01 - 31 MAY 25 | P84: 45812 | S84: =VLOOKUP(I84,TDS!$A$1:$C$70,4,FALSE) -> #N/A
A85: 100222362 | B85: ONNSYNEX VENTURES PRIVATE LIMITED | C85: 2025 | D85: 5 | E85: 45793 | F85: 1600000113 | G85: DG | H85: NA | I85: 256788420001 | J85: 212100 | K85: USD | L85: -75 | M85: INR | N85: -6448.78 | O85: Credit note raised agaisnt INV_256788410019 | P85: 45793 | Q85: 45976 | R85: 1400000084 | S85: =VLOOKUP(I85,TDS!$A$1:$C$70,4,FALSE) -> #N/A
A86: 100222362 | B86: ONNSYNEX VENTURES PRIVATE LIMITED | C86: 2025 | D86: 5 | E86: 45793 | F86: 1600000117 | G86: DG | H86: NA | I86: 256788420005 | J86: 212100 | K86: USD | L86: -75 | M86: INR | N86: -6448.78 | O86: Credit note raised agaisnt INV_256788410023 | P86: 45793 | Q86: 45976 | R86: 1400000084 | S86: =VLOOKUP(I86,TDS!$A$1:$C$70,4,FALSE) -> #N/A
A87: 100222362 | B87: ONNSYNEX VENTURES PRIVATE LIMITED | C87: 2025 | D87: 2 | E87: 45705 | F87: 1800000000 | G87: DR | H87: Na | I87: 246788410001 | J87: 212100 | K87: USD | L87: 75 | M87: INR | N87: 6472.77 | O87: Fixed Rental charges for Aug 2024 | P87: 45705 | Q87: 45707 | R87: 1400000001 | S87: =VLOOKUP(I87,TDS!$A$1:$C$70,4,FALSE) -> #N/A
A88: 100222362 | B88: ONNSYNEX VENTURES PRIVATE LIMITED | C88: 2025 | D88: 5 | E88: 45805 | F88: 1800000346 | G88: DR | H88: NA | I88: 256788410221 | J88: 212100 | K88: USD | L88: 10364.72 | M88: INR | N88: 891196.98 | O88: Storage Chgs - 01 - 31 Apr 25 | P88: 45805 | S88: =VLOOKUP(I88,TDS!$A$1:$C$70,4,FALSE) -> #N/A
A89: 100222362 | B89: ONNSYNEX VENTURES PRIVATE LIMITED | C89: 2025 | D89: 7 | E89: 45856 | F89: 1800000389 | G89: DR | H89: NA | I89: 256788410265 | J89: 212100 | K89: USD | L89: 1510.02 | M89: INR | N89: 129862.73 | O89: CODC Transport Chgs - 01 - 15 July 25 | P89: 45856 | S89: =VLOOKUP(I89,TDS!$A$1:$C$70,4,FALSE) -> #N/A
A90: 100222362 | B90: ONNSYNEX VENTURES PRIVATE LIMITED | C90: 2025 | D90: 3 | E90: 45729 | F90: 1800000064 | G90: DR | H90: NA | I90: 246788410059 | J90: 212100 | K90: USD | L90: 25.75 | M90: INR | N90: 2232.3 | O90: VAS Activity Charges for the month of August, 24 | P90: 45729 | S90: =VLOOKUP(I90,TDS!$A$1:$C$70,4,FALSE) -> #N/A
A91: 100222362 | B91: ONNSYNEX VENTURES PRIVATE LIMITED | C91: 2025 | D91: 3 | E91: 45729 | F91: 1800000065 | G91: DR | H91: NA | I91: 246788410060 | J91: 212100 | K91: USD | L91: 37.2 | M91: INR | N91: 3224.91 | O91: VAS Activity Charges for the month of August, 24 | P91: 45729 | S91: =VLOOKUP(I91,TDS!$A$1:$C$70,4,FALSE) -> #N/A
A92: 100222362 | B92: ONNSYNEX VENTURES PRIVATE LIMITED | C92: 2025 | D92: 3 | E92: 45729 | F92: 1800000066 | G92: DR | H92: NA | I92: 246788410061 | J92: 212100 | K92: USD | L92: 26.23 | M92: INR | N92: 2273.91 | O92: VAS Activity Charges for the month of August, 24 | P92: 45729 | S92: =VLOOKUP(I92,TDS!$A$1:$C$70,4,FALSE) -> #N/A
A93: 100222362 | B93: ONNSYNEX VENTURES PRIVATE LIMITED | C93: 2025 | D93: 3 | E93: 45729 | F93: 1800000067 | G93: DR | H93: NA | I93: 246788410062 | J93: 212100 | K93: USD | L93: 26.23 | M93: INR | N93: 2273.91 | O93: VAS Activity Charges for the month of August, 24 | P93: 45729 | S93: =VLOOKUP(I93,TDS!$A$1:$C$70,4,FALSE) -> #N/A
A94: 100222362 | B94: ONNSYNEX VENTURES PRIVATE LIMITED | C94: 2025 | D94: 3 | E94: 45729 | F94: 1800000068 | G94: DR | H94: NA | I94: 246788410063 | J94: 212100 | K94: USD | L94: 23.85 | M94: INR | N94: 2067.59 | O94: VAS Activity Charges for the month of August, 24 | P94: 45729 | S94: =VLOOKUP(I94,TDS!$A$1:$C$70,4,FALSE) -> #N/A
A95: 100222362 | B95: ONNSYNEX VENTURES PRIVATE LIMITED | C95: 2025 | D95: 3 | E95: 45729 | F95: 1800000069 | G95: DR | H95: NA | I95: 246788410064 | J95: 212100 | K95: USD | L95: 23.87 | M95: INR | N95: 2069.32 | O95: VAS Activity Charges for the month of September, 2 | P95: 45729 | S95: =VLOOKUP(I95,TDS!$A$1:$C$70,4,FALSE) -> #N/A
A96: 100222362 | B96: ONNSYNEX VENTURES PRIVATE LIMITED | C96: 2025 | D96: 3 | E96: 45729 | F96: 1800000070 | G96: DR | H96: NA | I96: 246788410065 | J96: 212100 | K96: USD | L96: 23.63 | M96: INR | N96: 2048.51 | O96: VAS Activity Charges for the month of September, 2 | P96: 45729 | S96: =VLOOKUP(I96,TDS!$A$1:$C$70,4,FALSE) -> #N/A
A97: 100222362 | B97: ONNSYNEX VENTURES PRIVATE LIMITED | C97: 2025 | D97: 3 | E97: 45736 | F97: 1800005048 | G97: DR | H97: NA | I97: 246779414916 | J97: 212100 | K97: USD | L97: 7.26 | M97: INR | N97: 629.38 | O97: Inbound Handling charges for Feb 2025 | P97: 45736 | S97: =VLOOKUP(I97,TDS!$A$1:$C$70,4,FALSE) -> #N/A
A98: 100222362 | B98: ONNSYNEX VENTURES PRIVATE LIMITED | C98: 2025 | D98: 3 | E98: 45736 | F98: 1800005049 | G98: DR | H98: NA | I98: 246779414917 | J98: 212100 | K98: USD | L98: 12 | M98: INR | N98: 1040.3 | O98: LCL Movement Charges for Feb 2025 | P98: 45736 | S98: =VLOOKUP(I98,TDS!$A$1:$C$70,4,FALSE) -> #N/A
A99: 100222362 | B99: ONNSYNEX VENTURES PRIVATE LIMITED | C99: 2025 | D99: 2 | E99: 45708 | F99: 1800000029 | G99: DR | H99: NA | I99: 246788410019 | J99: 212100 | K99: USD | L99: 75 | M99: INR | N99: 6472.77 | O99: Fixed Rental charges for Feb 2025 | P99: 45708 | S99: =VLOOKUP(I99,TDS!$A$1:$C$70,4,FALSE) -> #N/A
... A103: 100222362 | B103: ONNSYNEX VENTURES PRIVATE LIMITED | C103: 2025 | D103: 8 | E103: 45889 | F103: 1800000475 | G103: DR | H103: NA | I103: 256788410352 | J103: 212100 | K103: USD | L103: 342.84 | M103: INR | N103: 29494.57 | O103: Outbound chgs - 01- 15 AUG 25 | P103: 45889 | S103: =VLOOKUP(I103,TDS!$A$1:$C$70,4,FALSE) -> #N/A
A104: 100222362 | B104: ONNSYNEX VENTURES PRIVATE LIMITED | C104: 2025 | D104: 2 | E104: 45707 | F104: 1600000004 | G104: DG | H104: NA | I104: 246788420003 | J104: 212100 | K104: USD | L104: -75 | M104: INR | N104: -6472.77 | O104: Credit note raise against INV#1800000000 | P104: 45707 | Q104: 45707 | R104: 1400000001 | S104: =VLOOKUP(I104,TDS!$A$1:$C$70,4,FALSE) -> #N/A
A105: 100222362 | B105: ONNSYNEX VENTURES PRIVATE LIMITED | C105: 2025 | D105: 2 | E105: 45707 | F105: 1800000006 | G105: DR | H105: NA | I105: 246788410005 | J105: 212100 | K105: USD | L105: 75 | M105: INR | N105: 6472.77 | O105: Fixed Rental charges for Aug 2024 | P105: 45707 | S105: =VLOOKUP(I105,TDS!$A$1:$C$70,4,FALSE) -> #N/A
A106: 100222362 | B106: ONNSYNEX VENTURES PRIVATE LIMITED | C106: 2025 | D106: 2 | E106: 45707 | F106: 1800000022 | G106: DR | H106: NA | I106: 246788410009 | J106: 212100 | K106: USD | L106: 75 | M106: INR | N106: 6472.77 | O106: Fixed Rental charges for Sept 2024 | P106: 45707 | S106: =VLOOKUP(I106,TDS!$A$1:$C$70,4,FALSE) -> #N/A
A107: 100222362 | B107: ONNSYNEX VENTURES PRIVATE LIMITED | C107: 2025 | D107: 2 | E107: 45707 | F107: 1800000018 | G107: DR | H107: NA | I107: 246788410013 | J107: 212100 | K107: USD | L107: 75 | M107: INR | N107: 6472.77 | O107: Fixed Rental charges for Oct 2024 | P107: 45707 | S107: =VLOOKUP(I107,TDS!$A$1:$C$70,4,FALSE) -> #N/A
A108: 100222362 | B108: ONNSYNEX VENTURES PRIVATE LIMITED | C108: 2025 | D108: 2 | E108: 45707 | F108: 1800000010 | G108: DR | H108: NA | I108: 246788410015 | J108: 212100 | K108: USD | L108: 75 | M108: INR | N108: 6472.77 | O108: Fixed Rental charges for Nov 2024 | P108: 45707 | S108: =VLOOKUP(I108,TDS!$A$1:$C$70,4,FALSE) -> #N/A
A109: 100222362 | B109: ONNSYNEX VENTURES PRIVATE LIMITED | C109: 2025 | D109: 2 | E109: 45707 | F109: 1800000012 | G109: DR | H109: NA | I109: 246788410017 | J109: 212100 | K109: USD | L109: 75 | M109: INR | N109: 6472.77 | O109: Fixed Rental charges for Dec 2024 | P109: 45707 | S109: =VLOOKUP(I109,TDS!$A$1:$C$70,4,FALSE) -> #N/A
A110: 100222362 | B110: ONNSYNEX VENTURES PRIVATE LIMITED | C110: 2025 | D110: 9 | E110: 45923 | F110: 1600000242 | G110: DG | H110: NA | I110: 256788420122 | J110: 212100 | K110: USD | L110: -9 | M110: INR | N110: -774.01 | O110: Credit note raised against INV_256788410267 | P110: 45923 | Q110: 45976 | R110: 1400000084 | S110: =VLOOKUP(I110,TDS!$A$1:$C$70,4,FALSE) -> #N/A
A111: 100222362 | B111: ONNSYNEX VENTURES PRIVATE LIMITED | C111: 2025 | D111: 11 | E111: 45973 | F111: 1800000594 | G111: DR | H111: NA | I111: 256788410459 | J111: 212100 | K111: USD | L111: 8006.66 | M111: INR | N111: 704613.22 | O111: Unit-Storage-1-31 Oct 25 | P111: 45973 | S111: =VLOOKUP(I111,TDS!$A$1:$C$70,4,FALSE) -> #N/A
A112: 100222362 | B112: ONNSYNEX VENTURES PRIVATE LIMITED | C112: 2025 | D112: 11 | E112: 45973 | F112: 1600000270 | G112: DG | H112: NA | I112: 256788420147 | J112: 212100 | K112: USD | L112: -4547.2 | M112: INR | N112: -400169.02 | O112: Credit note against - 256788410454 | P112: 45973 | S112: =VLOOKUP(I112,TDS!$A$1:$C$70,4,FALSE) -> #N/A
A113: 100222362 | B113: ONNSYNEX VENTURES PRIVATE LIMITED | C113: 2025 | D113: 6 | E113: 45821 | F113: 1800009582 | G113: DR | H113: NA | I113: 256779414346 | J113: 212100 | K113: USD | L113: 2322.04 | M113: INR | N113: 198513.01 | O113: CY Longstanding - March 25,16-31 | P113: 45821 | S113: =VLOOKUP(I113,TDS!$A$1:$C$70,4,FALSE) -> #N/A
A114: 100222362 | B114: ONNSYNEX VENTURES PRIVATE LIMITED | C114: 2025 | D114: 5 | E114: 45797 | F114: 1800000345 | G114: DR | H114: NA | I114: 256788410220 | J114: 212100 | K114: USD | L114: 67.2 | M114: INR | N114: 5778.1 | O114: Outbound chgs - 01 - 15 May 25 | P114: 45797 | S114: =VLOOKUP(I114,TDS!$A$1:$C$70,4,FALSE) -> #N/A
A115: 100222362 | B115: ONNSYNEX VENTURES PRIVATE LIMITED | C115: 2025 | D115: 4 | E115: 45750 | F115: 1800005306 | G115: DR | H115: NA | I115: 256779410198 | J115: 212100 | K115: USD | L115: 3.45 | M115: INR | N115: 299.88 | O115: VAS Activity -1 -15 Mar 25, Ex Rate. 87.01 | P115: 45750 | S115: =VLOOKUP(I115,TDS!$A$1:$C$70,4,FALSE) -> #N/A
A116: 100222362 | B116: ONNSYNEX VENTURES PRIVATE LIMITED | C116: 2025 | D116: 10 | E116: 45950 | F116: 1800000558 | G116: DR | H116: NA | I116: 256788410435 | J116: 212100 | K116: USD | L116: 38 | M116: INR | N116: 3351.25 | O116: LCL chgs - 01 -15 OCT 25 | P116: 45950 | S116: =VLOOKUP(I116,TDS!$A$1:$C$70,4,FALSE) -> #N/A
A117: 100222362 | B117: ONNSYNEX VENTURES PRIVATE LIMITED | C117: 2025 | D117: 10 | E117: 45950 | F117: 1800000560 | G117: DR | H117: NA | I117: 256788410437 | J117: 212100 | K117: USD | L117: 346.14 | M117: INR | N117: 30526.35 | O117: Outbound chgs - 01 - 15 OCT 25 | P117: 45950 | S117: =VLOOKUP(I117,TDS!$A$1:$C$70,4,FALSE) -> #N/A
A118: 100222362 | B118: ONNSYNEX VENTURES PRIVATE LIMITED | C118: 2025 | D118: 4 | E118: 45749 | F118: 1800000126 | G118: DR | H118: NA | I118: 256788410001 | J118: 212100 | K118: USD | L118: 10887.57 | M118: INR | N118: 946367.4 | O118: Storage Charges Jan, 25 | P118: 45749 | S118: =VLOOKUP(I118,TDS!$A$1:$C$70,4,FALSE) -> #N/A
A119: 100222362 | B119: ONNSYNEX VENTURES PRIVATE LIMITED | C119: 2025 | D119: 4 | E119: 45749 | F119: 1800000127 | G119: DR | H119: NA | I119: 256788410002 | J119: 212100 | K119: USD | L119: 9928.89 | M119: INR | N119: 863037.19 | O119: Storage Charges Feb, 25 | P119: 45749 | S119: =VLOOKUP(I119,TDS!$A$1:$C$70,4,FALSE) -> #N/A
A120: 100222362 | B120: ONNSYNEX VENTURES PRIVATE LIMITED | C120: 2025 | D120: 4 | E120: 45749 | F120: 1800000128 | G120: DR | H120: NA | I120: 256788410003 | J120: 212100 | K120: USD | L120: 4.5 | M120: INR | N120: 391.15 | O120: Outbound Handling charges for Jan 2025 | P120: 45749 | S120: =VLOOKUP(I120,TDS!$A$1:$C$70,4,FALSE) -> #N/A
A121: 100222362 | B121: ONNSYNEX VENTURES PRIVATE LIMITED | C121: 2025 | D121: 4 | E121: 45749 | F121: 1800000129 | G121: DR | H121: NA | I121: 256788410004 | J121: 212100 | K121: USD | L121: 2786.28 | M121: INR | N121: 242188.53 | O121: CY Longstanding Ground Rent charges for Dec 2024. | P121: 45749 | S121: =VLOOKUP(I121,TDS!$A$1:$C$70,4,FALSE) -> #N/A
A122: 100222362 | B122: ONNSYNEX VENTURES PRIVATE LIMITED | C122: 2025 | D122: 4 | E122: 45749 | F122: 1800000134 | G122: DR | H122: NA | I122: 256788410009 | J122: 212100 | K122: USD | L122: 2934.66 | M122: INR | N122: 255085.99 | O122: CY Longstanding Ground Rent charges for Nov 2024. | P122: 45749 | S122: =VLOOKUP(I122,TDS!$A$1:$C$70,4,FALSE) -> #N/A
... A124: 100222362 | B124: ONNSYNEX VENTURES PRIVATE LIMITED | C124: 2025 | D124: 4 | E124: 45749 | F124: 1800000141 | G124: DR | H124: NA | I124: 256788410016 | J124: 212100 | K124: USD | L124: 3979.2 | M124: INR | N124: 345879.31 | O124: CY Longstanding Ground Rent charges for Sept 2024. | P124: 45749 | S124: =VLOOKUP(I124,TDS!$A$1:$C$70,4,FALSE) -> #N/A
A125: 100222362 | B125: ONNSYNEX VENTURES PRIVATE LIMITED | C125: 2025 | D125: 4 | E125: 45749 | F125: 1800000144 | G125: DR | H125: NA | I125: 256788410019 | J125: 212100 | K125: USD | L125: 75 | M125: INR | N125: 6519.14 | O125: Fixed Rental charges for Feb 2025 | P125: 45749 | Q125: 45976 | R125: 1400000084 | S125: =VLOOKUP(I125,TDS!$A$1:$C$70,4,FALSE) -> #N/A
A126: 100222362 | B126: ONNSYNEX VENTURES PRIVATE LIMITED | C126: 2025 | D126: 4 | E126: 45749 | F126: 1800000148 | G126: DR | H126: NA | I126: 256788410023 | J126: 212100 | K126: USD | L126: 75 | M126: INR | N126: 6519.14 | O126: Fixed Rental charges for Jan 2025 | P126: 45749 | Q126: 45976 | R126: 1400000084 | S126: =VLOOKUP(I126,TDS!$A$1:$C$70,4,FALSE) -> #N/A
A127: 100222362 | B127: ONNSYNEX VENTURES PRIVATE LIMITED | C127: 2025 | D127: 12 | E127: 45995 | F127: 1800000608 | G127: DR | H127: NA | I127: 256788410465 | J127: 212100 | K127: USD | L127: 3385.09 | M127: INR | N127: 300257.96 | O127: Unit-Storage-1-30 Nov 25 | P127: 45995 | S127: =VLOOKUP(I127,TDS!$A$1:$C$70,4,FALSE) -> #N/A
A128: 100222362 | B128: ONNSYNEX VENTURES PRIVATE LIMITED | C128: 2025 | D128: 12 | E128: 45995 | F128: 1800000609 | G128: DR | H128: NA | I128: 256788410466 | J128: 212100 | K128: USD | L128: 75 | M128: INR | N128: 6652.51 | O128: Fixed Storage Charges for December 2025 | P128: 45995 | S128: =VLOOKUP(I128,TDS!$A$1:$C$70,4,FALSE) -> #N/A
...

Sheet Sheet3
A1: Section | B1: Particulars | C1: Type | D1: TDS
A2: 194I | B2: By ANOMALOUS INFRA PRIVATE LIMITED | C2: 246788410024 | D2: 34560
A3: 194I | B3: By ANOMALOUS INFRA PRIVATE LIMITED | C3: 246788410005 | D3: 638
A4: 194I | B4: By ANOMALOUS INFRA PRIVATE LIMITED | C4: 246788410009 | D4: 638
A5: 194I | B5: By ANOMALOUS INFRA PRIVATE LIMITED | C5: 246788410013 | D5: 638
A6: 194I | B6: By ANOMALOUS INFRA PRIVATE LIMITED | C6: 246788410015 | D6: 638
A7: 194I | B7: By ANOMALOUS INFRA PRIVATE LIMITED | C7: 246788410017 | D7: 638
A8: 194I | B8: By ANOMALOUS INFRA PRIVATE LIMITED | C8: 246788410019 | D8: 638
A9: 194I | B9: By ANOMALOUS INFRA PRIVATE LIMITED | C9: 246788410021 | D9: 638
A10: 194I | B10: By ANOMALOUS INFRA PRIVATE LIMITED | C10: 246788410044 | D10: 4061
A11: 194I | B11: By ANOMALOUS INFRA PRIVATE LIMITED | C11: 246788410039 | D11: 9072
A12: 194I | B12: By ANOMALOUS INFRA PRIVATE LIMITED | C12: 246788410040 | D12: 1129
A13: 194I | B13: By ANOMALOUS INFRA PRIVATE LIMITED | C13: 246788410042 | D13: 38022
... A70: 194C | B70: By AGENCY CHARGES Journal | C70: 256788410166 | D70: 20.17

Sheet TDS
A1: Particulars | B1: Type | C1: TDS | D1: Section
A2: By ANOMALOUS INFRA PRIVATE LIMITED | B2: 246788410024 | C2: 34560 | D2: 194I | E2: {=VLOOKUP(B2,'LEDGER FINAL'!H3:$R$221,{3,7},0)} -> 1800000041 | F2: 343523.09
A3: By ANOMALOUS INFRA PRIVATE LIMITED | B3: 246788410005 | C3: 638 | D3: 194I | E3: {=VLOOKUP(B3,'LEDGER FINAL'!H4:$R$221,{3,7},0)} -> 1800000006 | F3: 6472.77
A4: By ANOMALOUS INFRA PRIVATE LIMITED | B4: 246788410009 | C4: 638 | D4: 194I | E4: {=VLOOKUP(B4,'LEDGER FINAL'!H5:$R$221,{3,7},0)} -> 1800000022 | F4: 6472.77
A5: By ANOMALOUS INFRA PRIVATE LIMITED | B5: 246788410013 | C5: 638 | D5: 194I | E5: {=VLOOKUP(B5,'LEDGER FINAL'!H6:$R$221,{3,7},0)} -> 1800000018 | F5: 6472.77
A6: By ANOMALOUS INFRA PRIVATE LIMITED | B6: 246788410015 | C6: 638 | D6: 194I | E6: {=VLOOKUP(B6,'LEDGER FINAL'!H7:$R$221,{3,7},0)} -> 1800000010 | F6: 6472.77
A7: By ANOMALOUS INFRA PRIVATE LIMITED | B7: 246788410017 | C7: 638 | D7: 194I | E7: {=VLOOKUP(B7,'LEDGER FINAL'!H8:$R$221,{3,7},0)} -> 1800000012 | F7: 6472.77
A8: By ANOMALOUS INFRA PRIVATE LIMITED | B8: 246788410019 | C8: 638 | D8: 194I | E8: {=VLOOKUP(B8,'LEDGER FINAL'!H9:$R$221,{3,7},0)} -> 1800000029 | F8: 6472.77
A9: By ANOMALOUS INFRA PRIVATE LIMITED | B9: 246788410021 | C9: 638 | D9: 194I | E9: {=VLOOKUP(B9,'LEDGER FINAL'!H10:$R$221,{3,7},0)} -> 1800000033 | F9: 6472.77
A10: By ANOMALOUS INFRA PRIVATE LIMITED | B10: 246788410044 | C10: 4061 | D10: 194I | E10: {=VLOOKUP(B10,'LEDGER FINAL'!H11:$R$221,{3,7},0)} -> 1800000049 | F10: 41112.46
A11: By ANOMALOUS INFRA PRIVATE LIMITED | B11: 246788410039 | C11: 9072 | D11: 194I | E11: {=VLOOKUP(B11,'LEDGER FINAL'!H12:$R$221,{3,7},0)} -> 1800000045 | F11: 90565.49
A12: By ANOMALOUS INFRA PRIVATE LIMITED | B12: 246788410040 | C12: 1129 | D12: 194I | E12: {=VLOOKUP(B12,'LEDGER FINAL'!H13:$R$221,{3,7},0)} -> 1800000046 | F12: 11268.13
A13: By ANOMALOUS INFRA PRIVATE LIMITED | B13: 246788410042 | C13: 38022 | D13: 194I | E13: {=VLOOKUP(B13,'LEDGER FINAL'!H14:$R$221,{3,7},0)} -> 1800000047 | F13: 383273.33
... A45: By ANOMALOUS INFRA PRIVATE LIMITED | B45: 256779412498 | C45: 44 | D45: 194C | E45: {=VLOOKUP(B45,'LEDGER FINAL'!H46:$R$221,{3,7},0)} -> 1800007607 | F45: 2200.86
A46: By ANOMALOUS INFRA PRIVATE LIMITED | B46: 256779412015 | C46: 150 | D46: 194C | E46: {=VLOOKUP(B46,'LEDGER FINAL'!H47:$R$221,{3,7},0)} -> #N/A
A47: By ANOMALOUS INFRA PRIVATE LIMITED | B47: 256779412058 | C47: 328 | D47: 194C | E47: {=VLOOKUP(B47,'LEDGER FINAL'!H48:$R$221,{3,7},0)} -> #N/A
A48: By ANOMALOUS INFRA PRIVATE LIMITED | B48: 256779412096 | C48: 29 | D48: 194C | E48: {=VLOOKUP(B48,'LEDGER FINAL'!H49:$R$221,{3,7},0)} -> #N/A
A49: By ANOMALOUS INFRA PRIVATE LIMITED | B49: 256779413241 | C49: 1814 | D49: 194C | E49: {=VLOOKUP(B49,'LEDGER FINAL'!H50:$R$221,{3,7},0)} -> 1800008358 | F49: 90694.75
A50: By ANOMALOUS INFRA PRIVATE LIMITED | B50: 246788410109 | C50: 4062 | D50: 194C | E50: {=VLOOKUP(B50,'LEDGER FINAL'!H51:$R$221,{3,7},0)} -> 1800000115 | F50: 203100.28
A51: By ANOMALOUS INFRA PRIVATE LIMITED | B51: 246788410085 | C51: 2296 | D51: 194C | E51: {=VLOOKUP(B51,'LEDGER FINAL'!H52:$R$221,{3,7},0)} -> 1800000090 | F51: 114779.23
A52: By ANOMALOUS INFRA PRIVATE LIMITED | B52: 256788410027 | C52: 296 | D52: 194C | E52: {=VLOOKUP(B52,'LEDGER FINAL'!H53:$R$221,{3,7},0)} -> #N/A
A53: By AGENCY CHARGES | B53: 256788410259 | C53: 129 | D53: 194C | E53: {=VLOOKUP(B53,'LEDGER FINAL'!H54:$R$221,{3,7},0)} -> #N/A
A54: By AGENCY CHARGES | B54: 256788410264 | C54: 7.98 | D54: 194C | E54: {=VLOOKUP(B54,'LEDGER FINAL'!H55:$R$221,{3,7},0)} -> 1800000388 | F54: 399.04
A55: By AGENCY CHARGES | B55: 256788410265 | C55: 2597.25 | D55: 194C | E55: {=VLOOKUP(B55,'LEDGER FINAL'!H56:$R$221,{3,7},0)} -> 1800000389 | F55: 129862.73
A56: By AGENCY CHARGES | B56: 256779416953 | C56: 3.75 | D56: 194C | E56: {=VLOOKUP(B56,'LEDGER FINAL'!H57:$R$221,{3,7},0)} -> #N/A
A57: By AGENCY CHARGES | B57: 256788410353 | C57: 175.03 | D57: 194C | E57: {=VLOOKUP(B57,'LEDGER FINAL'!H58:$R$221,{3,7},0)} -> #N/A
A58: By AGENCY CHARGES | B58: 256788410354 | C58: 21.91 | D58: 194C | E58: {=VLOOKUP(B58,'LEDGER FINAL'!H59:$R$221,{3,7},0)} -> #N/A
A59: By AGENCY CHARGES | B59: 256788410355 | C59: 23.91 | D59: 194C | E59: {=VLOOKUP(B59,'LEDGER FINAL'!H60:$R$221,{3,7},0)} -> #N/A
A60: By AGENCY CHARGES | B60: 256788410358 | C60: 19796.09 | D60: 194C | E60: {=VLOOKUP(B60,'LEDGER FINAL'!H61:$R$221,{3,7},0)} -> #N/A
A61: By AGENCY CHARGES | B61: 256788410359 | C61: 221.55 | D61: 194C | E61: {=VLOOKUP(B61,'LEDGER FINAL'!H62:$R$221,{3,7},0)} -> #N/A
A62: By AGENCY CHARGES | B62: 256788410360 | C62: 609.47 | D62: 194C | E62: {=VLOOKUP(B62,'LEDGER FINAL'!H63:$R$221,{3,7},0)} -> #N/A
A63: By AGENCY CHARGES | B63: 256788410361 | C63: 45.51 | D63: 194C | E63: {=VLOOKUP(B63,'LEDGER FINAL'!H64:$R$221,{3,7},0)} -> #N/A
A64: By AGENCY CHARGES | B64: 256788410363 | C64: 398.61 | D64: 194C | E64: {=VLOOKUP(B64,'LEDGER FINAL'!H65:$R$221,{3,7},0)} -> #N/A
A65: By AGENCY CHARGES | B65: 256788410364 | C65: 656.36 | D65: 194C | E65: {=VLOOKUP(B65,'LEDGER FINAL'!H66:$R$221,{3,7},0)} -> #N/A
A66: By AGENCY CHARGES | B66: 256788410162 | C66: 9.49 | D66: 194C | E66: {=VLOOKUP(B66,'LEDGER FINAL'!H67:$R$221,{3,7},0)} -> 1800000287 | F66: 474.59
A67: By AGENCY CHARGES | B67: 256788410163 | C67: 6.08 | D67: 194C | E67: {=VLOOKUP(B67,'LEDGER FINAL'!H68:$R$221,{3,7},0)} -> 1800000288 | F67: 304.23
A68: By AGENCY CHARGES | B68: 256788410164 | C68: 9.74 | D68: 194C | E68: {=VLOOKUP(B68,'LEDGER FINAL'!H69:$R$221,{3,7},0)} -> 1800000289 | F68: 486.76
A69: By AGENCY CHARGES | B69: 256788410165 | C69: 9.74 | D69: 194C | E69: {=VLOOKUP(B69,'LEDGER FINAL'!H70:$R$221,{3,7},0)} -> 1800000290 | F69: 486.76
A70: By AGENCY CHARGES Journal | B70: 256788410166 | C70: 20.17 | D70: 194C | E70: {=VLOOKUP(B70,'LEDGER FINAL'!H71:$R$221,{3,7},0)} -> 1800000291 | F70: 1008.29

Sheet Summary
A1: Not in the books of Onnsynex | J1: Not in the books of Anomolus & ascendus
A2: Document Type | B2: Invoice No | C2: Document Number | D2: Document Currency Key | E2: Document Currency Value | F2: Company Code Currency Value | G2: Text | H2: Baseline Payment Dte | J2: Particulars | K2: Invoice No | L2: Amount | M2: Section
A3: DR | B3: 256788410349 | C3: 1800000477 | D3: USD | E3: 100 | F3: 8603.01 | G3: INTRA 1-15 Aug 25 | H3: 45889 | J3: By ANOMALOUS INFRA PRIVATE LIMITED | K3: 256779412015 | L3: 150 | M3: 194C
A4: DR | B4: 256788410322 | C4: 1800000447 | D4: USD | E4: 75 | F4: 6452.26 | G4: Fixed Storage Charges for August 2025 | H4: 45870 | J4: By ANOMALOUS INFRA PRIVATE LIMITED | K4: 256779412058 | L4: 328 | M4: 194C
A5: DR | B5: 256788410228 | C5: 1800000353 | D5: USD | E5: 75 | F5: 6411.81 | G5: Fixed Storage Charges fo JUNE 2025 | H5: 45818 | J5: By ANOMALOUS INFRA PRIVATE LIMITED | K5: 256779412096 | L5: 29 | M5: 194C
A6: DR | B6: 256788410379 | C6: 1800000504 | D6: USD | E6: 53.78 | F6: 4706.52 | G6: VAS Activity - Feb 25, Ex Rate. 87.40 | H6: 45917 | J6: By ANOMALOUS INFRA PRIVATE LIMITED | K6: 256788410027 | L6: 296 | M6: 194C
A7: DR | B7: 256788410382 | C7: 1800000507 | D7: USD | E7: 102.14 | F7: 8938.71 | G7: VAS -1-15 Sept-25 | H7: 45917 | J7: By AGENCY CHARGES | K7: 256788410259 | L7: 129 | M7: 194C
A8: DR | B8: 256788410216 | C8: 1800000341 | D8: USD | E8: 8.45 | F8: 726.56 | G8: Inbound chgs - 01 - 15 Apr 25 | H8: 45785 | J8: By AGENCY CHARGES | K8: 256779416953 | L8: 3.75 | M8: 194C
A9: DR | B9: 256788410217 | C9: 1800000342 | D9: USD | E9: 37.66 | F9: 3238.15 | G9: Outbound chgs - 01 - 15 Apr 25 | H9: 45785 | J9: By AGENCY CHARGES | K9: 256788410353 | L9: 175.03 | M9: 194C
A10: DR | B10: 256788410218 | C10: 1800000343 | D10: USD | E10: 13.18 | F10: 1133.27 | G10: Outbound chgs - 16 - 30 Apr 25 | H10: 45785 | J10: By AGENCY CHARGES | K10: 256788410354 | L10: 21.91 | M10: 194C
A11: DG | B11: 256788420141 | C11: 1600000261 | D11: USD | E11: -1211.9 | F11: -106878.39 | G11: Credit note raised against 256788410417 | H11: 45947 | J11: By AGENCY CHARGES | K11: 256788410355 | L11: 23.91 | M11: 194C
A12: DG | B12: 256788420142 | C12: 1600000262 | D12: USD | E12: -40 | F12: -3527.63 | G12: Credit note raised against 256788410418 | H12: 45947 | J12: By AGENCY CHARGES | K12: 256788410358 | L12: 19796.09 | M12: 194C
A13: DG | B13: 256788420143 | C13: 1600000263 | D13: USD | E13: -11.26 | F13: -993.03 | G13: Credit note raised against 256788410419 | H13: 45947 | J13: By AGENCY CHARGES | K13: 256788410359 | L13: 221.55 | M13: 194C
A14: DR | B14: 256788410243 | C14: 1800000368 | D14: USD | E14: 30 | F14: 2580.02 | G14: CY - WH Destuff Charges fo MAY 2025 | H14: 45847 | J14: By AGENCY CHARGES | K14: 256788410360 | L14: 609.47 | M14: 194C
... A17: DR | B17: 256788410235 | C17: 1800000360 | D17: USD | E17: 2323.12 | F17: 199789.88 | G17: CY Ground rent Chgs - 01 - 30 June 25 | H17: 45842 | J17: By AGENCY CHARGES | K17: 256788410364 | L17: 656.36 | M17: 194C
A18: DR | B18: 256788410237 | C18: 1800000362 | D18: USD | E18: 75 | F18: 6450.05 | G18: Fixed Storage Charges fo JULY 2025 | H18: 45842
A19: DR | B19: 256788410255 | C19: 1800000380 | D19: USD | E19: 14 | F19: 1204.01 | G19: LCL Chgs - 01 - 15 JUN 25 | H19: 45842
A20: DR | B20: 256788410257 | C20: 1800000382 | D20: USD | E20: 67.76 | F20: 5827.41 | G20: Outbound chgs - 01 - 15 JUN 25 | H20: 45842
A21: DR | B21: 256788410258 | C21: 1800000383 | D21: USD | E21: 17 | F21: 1462.01 | G21: Outbound chgs - 16 - 30 JUN 25 | H21: 45842
A22: DR | B22: 256788410267 | C22: 1800000391 | D22: USD | E22: 9 | F22: 774.01 | G22: Outbound chgs - 01 - 15 JUL 25 | H22: 45842
A23: DR | B23: 256788410441 | C23: 1800000576 | D23: USD | E23: 75 | F23: 6600.25 | G23: Fixed Storage Charges for November 2025 | H23: 45966
A24: DR | B24: 256788410448 | C24: 1800000587 | D24: USD | E24: 70 | F24: 6160.24 | G24: Intra SEZ-Transfer-16 -31 Oct 25 | H24: 45966
A25: DR | B25: 256788410449 | C25: 1800000588 | D25: USD | E25: 70 | F25: 6160.24 | G25: Intra SEZ-Transfer-16 -31 Oct 25 | H25: 45966
A26: DR | B26: 256788410450 | C26: 1800000589 | D26: USD | E26: 70 | F26: 6160.24 | G26: Intra SEZ-Transfer-16 -31 Oct 25 | H26: 45966
A27: DR | B27: 256788410451 | C27: 1800000590 | D27: USD | E27: 70 | F27: 6160.24 | G27: Intra SEZ-Transfer-16 -31 Oct 25 | H27: 45966
A28: DR | B28: 256788410452 | C28: 1800000591 | D28: USD | E28: 65.31 | F28: 5747.5 | G28: VAS-16 -31 Oct 25 | H28: 45966
A29: DR | B29: 256788410453 | C29: 1800000592 | D29: USD | E29: 31.56 | F29: 2777.39 | G29: WEIGHTMENT-16 -31 Oct 25 | H29: 45966
... A136: DG | B136: 256788420150 | C136: 1600000274 | D136: USD | E136: -53 | F136: -4809.39 | G136: CN Against LCL & Inbound chgs - 16 -31 DEC 25 | H136: 46028
