Workbook

Sheet Sheet2
F1: 5695051 | G1: 4 | H1: 509405 | N1: 0 | O1: 0 | P1: 0
A2: Date | B2: Particulars | C2: Ledger | D2: Invoice | E2: 2 | F2: 3 | G2: 4 | H2: TDS Tagging | I2: Month | J2: Debit Amount (USD) | K2: Credit Amount (USD) | L2: Vch Type | M2: Vch No. | N2: Debit | O2: Credit | P2: TDS
C3: New Ref | D3: 246779410018 | F3: 140899 | G3: Cr | H3: 15655 | P3: 0
C4: New Ref | D4: 246779410038 | F4: 140453 | G4: Cr | H4: 15606 | P4: 0
C5: New Ref | D5: 246779410292 | F5: 140453 | G5: Cr | H5: 15606 | P5: 0
C6: New Ref | D6: 246779410106 | F6: 140453 | G6: Cr | H6: 15606 | P6: 0
C7: New Ref | D7: 246779410149 | F7: 140453 | G7: Cr | H7: 15606 | P7: 0
C8: New Ref | D8: 246779410192 | F8: 140453 | G8: Cr | H8: 15606 | P8: 0
C9: New Ref | D9: 246779410235 | F9: 140453 | G9: Cr | H9: 15606 | P9: 0
C10: New Ref | D10: 246779410321 | F10: 36410 | G10: Cr | H10: 4046 | P10: 0
C11: New Ref | D11: 246779410341 | F11: 35397 | G11: Cr | H11: 3933 | P11: 0
C12: New Ref | D12: 246779410345 | F12: 36577 | G12: Cr | H12: 4064 | P12: 0
C13: New Ref | D13: 246779410357 | F13: 35397 | G13: Cr | H13: 3933 | P13: 0
C14: New Ref | D14: 246779410351 | F14: 36577 | G14: Cr | H14: 4064 | P14: 0
... C171: New Ref | D171: 256779418871 | F171: 84631 | G171: Cr | H171: 9404 | P171: 0

Sheet Invoices and CN not rec
K1: =SUM(K3:K43) -> 1001750.5
A2: Customer Account: Name 1 | B2: Fiscal Year | C2: Posting Date | D2: Document Number | E2: Document Type | F2: Document Date | G2: Reference | H2: Document Currency Key | I2: Document Currency Value | J2: Company Code Currency Key | K2: Company Code Currency Value | L2: Text
A3: SRIKARAM PRESCIENCE PVT. LTD. | B3: 2025 | C3: 45947 | D3: 1600002475 | E3: DG | F3: 45947 | G3: 256779422017 | H3: USD | I3: -156.08 | J3: INR | K3: -13764.82 | L3: Credit note raised against 256779418079
A4: SRIKARAM PRESCIENCE PVT. LTD. | B4: 2025 | C4: 45791 | D4: 1600000605 | E4: DG | F4: 45791 | G4: 256779420314 | H4: USD | I4: -77.2 | J4: INR | K4: -6692.57 | L4: Credit note against 246779412247
A5: SRIKARAM PRESCIENCE PVT. LTD. | B5: 2025 | C5: 45791 | D5: 1600000704 | E5: DG | F5: 45791 | G5: 256779420413 | H5: USD | I5: -1800 | J5: INR | K5: -156459.28 | L5: Credit note against 256779410280
A6: SRIKARAM PRESCIENCE PVT. LTD. | B6: 2025 | C6: 45791 | D6: 1600000791 | E6: DG | F6: 45791 | G6: 256779420500 | H6: USD | I6: -1800 | J6: INR | K6: -156459.28 | L6: Credit note against 256779410239
A7: SRIKARAM PRESCIENCE PVT. LTD. | B7: 2025 | C7: 45873 | D7: 1600002058 | E7: DG | F7: 45873 | G7: 256779421634 | H7: USD | I7: -239.19 | J7: INR | K7: -20570.5 | L7: Credit note raised against 256779415806
A8: SRIKARAM PRESCIENCE PVT. LTD. | B8: 2025 | C8: 45862 | D8: 1600001823 | E8: DG | F8: 45862 | G8: 256779421443 | H8: USD | I8: -29.25 | J8: INR | K8: -2515.02 | L8: Credit Note raised against 256779413888
A9: SRIKARAM PRESCIENCE PVT. LTD. | B9: 2025 | C9: 45799 | D9: 1600001001 | E9: DG | F9: 45799 | G9: 256779420689 | H9: USD | I9: -368.88 | J9: INR | K9: -31978.67 | L9: Credit Note against 246779413091
A10: SRIKARAM PRESCIENCE PVT. LTD. | B10: 2025 | C10: 45799 | D10: 1600001002 | E10: DG | F10: 45799 | G10: 256779420690 | H10: USD | I10: -190.41 | J10: INR | K10: -16550.78 | L10: Credit Note against 256779412933
A11: SRIKARAM PRESCIENCE PVT. LTD. | B11: 2025 | C11: 45735 | D11: 1800003224 | E11: DR | F11: 45735 | G11: 246779413091 | H11: USD | I11: 368.88 | J11: INR | K11: 31978.67 | L11: Port SSR Charges - Shifting for Aug to Dec,24.
A12: SRIKARAM PRESCIENCE PVT. LTD. | B12: 2025 | C12: 45856 | D12: 1800011046 | E12: DR | F12: 45856 | G12: 256779415806 | H12: USD | I12: 239.19 | J12: INR | K12: 20570.5 | L12: LCL chgs - 01 - 15 JUL 25
A13: SRIKARAM PRESCIENCE PVT. LTD. | B13: 2025 | C13: 45999 | D13: 1800015423 | E13: DR | F13: 45999 | G13: 256779419872 | H13: USD | I13: 42.73 | J13: INR | K13: 3790.16 | L13: LCL Chgs - 16 - 30 NOV 25
A14: SRIKARAM PRESCIENCE PVT. LTD. | B14: 2025 | C14: 45797 | D14: 1800009124 | E14: DR | F14: 45797 | G14: 256779413888 | H14: USD | I14: 29.25 | J14: INR | K14: 2515.02 | L14: LCL Chgs - 01-15 MAY 25
... A43: SRIKARAM PRESCIENCE PVT. LTD. | B43: 2026 | C43: 46049 | D43: 1800017154 | E43: DR | F43: 46049 | G43: 256779440447 | H43: USD | I43: 176.58 | J43: INR | K43: 16023.42 | L43: VAS-1-15 Jan 2026

Sheet Sheet1
A1: Customer Account: Name 1 | B1: Fiscal Year | C1: Posting Date | D1: Document Number | E1: Document Type | F1: Document Date | G1: Reference | H1: Document Currency Key | I1: Document Currency Value | J1: Company Code Currency Key | K1: Company Code Currency Value | L1: Text | M1: INOVICE TAGGING | Q1: TDS | R1: Net amount | S1: DZ Tagging | T1: DZ Tagged Amount
A2: SRIKARAM PRESCIENCE PVT. LTD. | B2: 2025 | C2: 45975 | D2: 1400001853 | E2: DY | F2: 45975 | H2: INR | I2: 0 | J2: INR | K2: 0 | M2: =VLOOKUP(G2,Sheet2!$D$3:$H$171,3,) -> #N/A
A3: SRIKARAM PRESCIENCE PVT. LTD. | B3: 2025 | C3: 45758 | D3: 1600000046 | E3: DA | F3: 45758 | H3: INR | I3: 1 | J3: INR | K3: 1 | L3: Overpayment | M3: =VLOOKUP(G3,Sheet2!$D$3:$H$171,3,) -> #N/A
A4: SRIKARAM PRESCIENCE PVT. LTD. | B4: 2025 | C4: 45758 | D4: 1600000046 | E4: DA | F4: 45758 | H4: INR | I4: -1 | J4: INR | K4: -1 | L4: Overpayment | M4: =VLOOKUP(G4,Sheet2!$D$3:$H$171,3,) -> #N/A
A5: SRIKARAM PRESCIENCE PVT. LTD. | B5: 2025 | C5: 45796 | D5: 1400000021 | E5: DZ | F5: 45796 | H5: INR | I5: -285397.37 | J5: INR | K5: -283762.44 | L5: ICICN22025042926352474 | M5: =VLOOKUP(G5,Sheet2!$D$3:$H$171,3,) -> #N/A | S5: =D5 -> 1400000021
A6: SRIKARAM PRESCIENCE PVT. LTD. | B6: 2025 | C6: 45839 | D6: 1400000116 | E6: DZ | F6: 45832 | H6: INR | I6: -500000 | J6: INR | K6: -500000 | M6: =VLOOKUP(G6,Sheet2!$D$3:$H$171,3,) -> #N/A | S6: =D6 -> 1400000116
A7: SRIKARAM PRESCIENCE PVT. LTD. | B7: 2025 | C7: 45839 | D7: 1400000077 | E7: DZ | F7: 45832 | H7: INR | I7: -324702 | J7: INR | K7: -324702 | M7: =VLOOKUP(G7,Sheet2!$D$3:$H$171,3,) -> #N/A | S7: =D7 -> 1400000077
A8: SRIKARAM PRESCIENCE PVT. LTD. | B8: 2025 | C8: 45890 | D8: 1400000887 | E8: DZ | F8: 45890 | H8: INR | I8: -100000 | J8: INR | K8: -100000 | M8: =VLOOKUP(G8,Sheet2!$D$3:$H$171,3,) -> #N/A | S8: =D8 -> 1400000887
A9: SRIKARAM PRESCIENCE PVT. LTD. | B9: 2025 | C9: 45890 | D9: 1400000904 | E9: DZ | F9: 45890 | H9: INR | I9: -700000 | J9: INR | K9: -700000 | M9: =VLOOKUP(G9,Sheet2!$D$3:$H$171,3,) -> #N/A | S9: =D9 -> 1400000904
A10: SRIKARAM PRESCIENCE PVT. LTD. | B10: 2025 | C10: 45890 | D10: 1400000922 | E10: DZ | F10: 45890 | H10: INR | I10: -150000 | J10: INR | K10: -150000 | M10: =VLOOKUP(G10,Sheet2!$D$3:$H$171,3,) -> #N/A | S10: =D10 -> 1400000922
A11: SRIKARAM PRESCIENCE PVT. LTD. | B11: 2025 | C11: 45890 | D11: 1400000941 | E11: DZ | F11: 45890 | H11: INR | I11: -150000 | J11: INR | K11: -150000 | M11: =VLOOKUP(G11,Sheet2!$D$3:$H$171,3,) -> #N/A | S11: =D11 -> 1400000941
A12: SRIKARAM PRESCIENCE PVT. LTD. | B12: 2025 | C12: 45890 | D12: 1400000955 | E12: DZ | F12: 45890 | H12: INR | I12: -150000 | J12: INR | K12: -150000 | M12: =VLOOKUP(G12,Sheet2!$D$3:$H$171,3,) -> #N/A | S12: =D12 -> 1400000955
A13: SRIKARAM PRESCIENCE PVT. LTD. | B13: 2025 | C13: 45890 | D13: 1400000966 | E13: DZ | F13: 45890 | H13: INR | I13: -150000 | J13: INR | K13: -150000 | M13: =VLOOKUP(G13,Sheet2!$D$3:$H$171,3,) -> #N/A | S13: =D13 -> 1400000966
A14: SRIKARAM PRESCIENCE PVT. LTD. | B14: 2025 | C14: 45931 | D14: 1400001257 | E14: DZ | F14: 45931 | H14: INR | I14: -100000 | J14: INR | K14: -100000 | M14: =VLOOKUP(G14,Sheet2!$D$3:$H$171,3,) -> #N/A | S14: =D14 -> 1400001257
A15: SRIKARAM PRESCIENCE PVT. LTD. | B15: 2025 | C15: 45931 | D15: 1400001259 | E15: DZ | F15: 45931 | H15: INR | I15: -100000 | J15: INR | K15: -100000 | M15: =VLOOKUP(G15,Sheet2!$D$3:$H$171,3,) -> #N/A | S15: =D15 -> 1400001259
A16: SRIKARAM PRESCIENCE PVT. LTD. | B16: 2025 | C16: 45931 | D16: 1400001341 | E16: DZ | F16: 45931 | H16: INR | I16: -450000 | J16: INR | K16: -450000 | M16: =VLOOKUP(G16,Sheet2!$D$3:$H$171,3,) -> #N/A | S16: =D16 -> 1400001341
A17: SRIKARAM PRESCIENCE PVT. LTD. | B17: 2025 | C17: 45931 | D17: 1400001345 | E17: DZ | F17: 45931 | H17: INR | I17: -100000 | J17: INR | K17: -100000 | M17: =VLOOKUP(G17,Sheet2!$D$3:$H$171,3,) -> #N/A | S17: =D17 -> 1400001345
... A28: SRIKARAM PRESCIENCE PVT. LTD. | B28: 2025 | C28: 46009 | D28: 1400002218 | E28: DZ | F28: 46009 | H28: INR | I28: -100000 | J28: INR | K28: -100000 | M28: =VLOOKUP(G28,Sheet2!$D$3:$H$171,3,) -> #N/A | S28: =D28 -> 1400002218
A29: SRIKARAM PRESCIENCE PVT. LTD. | B29: 2025 | C29: 45701 | D29: 7000000069 | E29: XC | F29: 45701 | G29: 6779ZP25000105 | H29: INR | I29: -1 | J29: INR | K29: -1 | L29: Overpayment | M29: =VLOOKUP(G29,Sheet2!$D$3:$H$171,3,) -> #N/A
A30: SRIKARAM PRESCIENCE PVT. LTD. | B30: 2025 | C30: 45744 | D30: 7000000196 | E30: XC | F30: 45701 | G30: 6779ZR25000004 | H30: INR | I30: 1 | J30: INR | K30: 1 | L30: Overpayment | M30: =VLOOKUP(G30,Sheet2!$D$3:$H$171,3,) -> #N/A
A31: SRIKARAM PRESCIENCE PVT. LTD. | B31: 2025 | C31: 45861 | D31: 1400000612 | E31: DY | F31: 45861 | G31: KNOCK OFF ENTRY | H31: USD | I31: 0 | J31: INR | K31: 0 | M31: =VLOOKUP(G31,Sheet2!$D$3:$H$171,3,) -> #N/A
A32: SRIKARAM PRESCIENCE PVT. LTD. | B32: 2025 | C32: 45861 | D32: 1400000619 | E32: DY | F32: 45861 | G32: KNOCK OFF ENTRY | H32: USD | I32: 0 | J32: INR | K32: 0 | M32: =VLOOKUP(G32,Sheet2!$D$3:$H$171,3,) -> #N/A
A33: SRIKARAM PRESCIENCE PVT. LTD. | B33: 2025 | C33: 45861 | D33: 1400000621 | E33: DY | F33: 45861 | G33: KNOCK OFF ENTRY | H33: USD | I33: 0 | J33: INR | K33: 0 | M33: =VLOOKUP(G33,Sheet2!$D$3:$H$171,3,) -> #N/A
A34: SRIKARAM PRESCIENCE PVT. LTD. | B34: 2025 | C34: 45707 | D34: 1800000022 | E34: DR | F34: 45707 | G34: 246779410018 | H34: USD | I34: 1800 | J34: INR | K34: 155346.59 | L34: Fixed Rental charges for Aug 2024 | M34: =VLOOKUP(G34,Sheet2!$D$3:$H$171,3,) -> 140899 | N34: =K34-M34 -> 14447.59 | O34: =N34/K34 -> 0.093002299 | Q34: =VLOOKUP(G34,'[1]TDS not in our Books'!$D:$H,5,0) -> 15655 | R34: =K34-Q34 -> 139691.59
A35: SRIKARAM PRESCIENCE PVT. LTD. | B35: 2025 | C35: 45861 | D35: 1400000615 | E35: DY | F35: 45861 | G35: KNOCK OFF ENTRY | H35: USD | I35: 1800 | J35: INR | K35: 156459.28 | M35: =VLOOKUP(G35,Sheet2!$D$3:$H$171,3,) -> #N/A
A36: SRIKARAM PRESCIENCE PVT. LTD. | B36: 2025 | C36: 45861 | D36: 1400000615 | E36: DY | F36: 45861 | G36: KNOCK OFF ENTRY | H36: USD | I36: -1800 | J36: INR | K36: -156459.28 | M36: =VLOOKUP(G36,Sheet2!$D$3:$H$171,3,) -> #N/A
A37: SRIKARAM PRESCIENCE PVT. LTD. | B37: 2025 | C37: 45861 | D37: 1400000617 | E37: DY | F37: 45861 | G37: KNOCK OFF ENTRY | H37: USD | I37: 1800 | J37: INR | K37: 156459.28 | M37: =VLOOKUP(G37,Sheet2!$D$3:$H$171,3,) -> #N/A
A38: SRIKARAM PRESCIENCE PVT. LTD. | B38: 2025 | C38: 45861 | D38: 1400000617 | E38: DY | F38: 45861 | G38: KNOCK OFF ENTRY | H38: USD | I38: -1800 | J38: INR | K38: -156459.28 | M38: =VLOOKUP(G38,Sheet2!$D$3:$H$171,3,) -> #N/A
A39: SRIKARAM PRESCIENCE PVT. LTD. | B39: 2025 | C39: 45708 | D39: 1800000110 | E39: DR | F39: 45708 | G39: 246779410038 | H39: USD | I39: 1800 | J39: INR | K39: 155346.59 | L39: Fixed Rental charges for Sept 2024 | M39: =VLOOKUP(G39,Sheet2!$D$3:$H$171,3,) -> 140453 | N39: =K39-M39 -> 14893.59 | O39: =N39/K39 -> 0.095873299 | Q39: =VLOOKUP(G39,'[1]TDS not in our Books'!$D:$H,5,0) -> 15606 | R39: =K39-Q39 -> 139740.59 | S39: 1400000077
A40: SRIKARAM PRESCIENCE PVT. LTD. | B40: 2025 | C40: 45708 | D40: 1800000179 | E40: DR | F40: 45708 | G40: 246779410106 | H40: USD | I40: 1800 | J40: INR | K40: 155346.59 | L40: Fixed Rental charges for Nov 2024 | M40: =VLOOKUP(G40,Sheet2!$D$3:$H$171,3,) -> 140453 | N40: =K40-M40 -> 14893.59 | O40: =N40/K40 -> 0.095873299 | Q40: =VLOOKUP(G40,'[1]TDS not in our Books'!$D:$H,5,0) -> 15606 | R40: =K40-Q40 -> 139740.59 | S40: =VLOOKUP(D40,[2]Sheet1!$D:$S,16,0) -> 1400000116 | T40: =VLOOKUP(D40,[2]Sheet1!$D:$T,17,0) -> 140453
A41: SRIKARAM PRESCIENCE PVT. LTD. | B41: 2025 | C41: 45708 | D41: 1800000222 | E41: DR | F41: 45708 | G41: 246779410149 | H41: USD | I41: 1800 | J41: INR | K41: 155346.59 | L41: Fixed Rental charges for Dec 2024 | M41: =VLOOKUP(G41,Sheet2!$D$3:$H$171,3,) -> 140453 | N41: =K41-M41 -> 14893.59 | O41: =N41/K41 -> 0.095873299 | Q41: =VLOOKUP(G41,'[1]TDS not in our Books'!$D:$H,5,0) -> 15606 | R41: =K41-Q41 -> 139740.59 | S41: =VLOOKUP(D41,[2]Sheet1!$D:$S,16,0) -> 1400000116 | T41: =VLOOKUP(D41,[2]Sheet1!$D:$T,17,0) -> 140453
A42: SRIKARAM PRESCIENCE PVT. LTD. | B42: 2025 | C42: 45708 | D42: 1800000265 | E42: DR | F42: 45708 | G42: 246779410192 | H42: USD | I42: 1800 | J42: INR | K42: 155346.59 | L42: Fixed Rental charges for Jan 2025 | M42: =VLOOKUP(G42,Sheet2!$D$3:$H$171,3,) -> 140453 | N42: =K42-M42 -> 14893.59 | O42: =N42/K42 -> 0.095873299 | Q42: =VLOOKUP(G42,'[1]TDS not in our Books'!$D:$H,5,0) -> 15606 | R42: =K42-Q42 -> 139740.59 | S42: =VLOOKUP(D42,[2]Sheet1!$D:$S,16,0) -> 1400000116 | T42: =VLOOKUP(D42,[2]Sheet1!$D:$T,17,0) -> 140453
A43: SRIKARAM PRESCIENCE PVT. LTD. | B43: 2025 | C43: 45708 | D43: 1800000308 | E43: DR | F43: 45708 | G43: 246779410235 | H43: USD | I43: 1800 | J43: INR | K43: 155346.59 | L43: Fixed Rental charges for Feb 2025 | M43: =VLOOKUP(G43,Sheet2!$D$3:$H$171,3,) -> 140453 | N43: =K43-M43 -> 14893.59 | O43: =N43/K43 -> 0.095873299 | Q43: =VLOOKUP(G43,'[1]TDS not in our Books'!$D:$H,5,0) -> 15606 | R43: =K43-Q43 -> 139740.59 | S43: =VLOOKUP(D43,[2]Sheet1!$D:$S,16,0) -> 1400000116 | T43: =VLOOKUP(D43,[2]Sheet1!$D:$T,17,0) -> 78641
A44: SRIKARAM PRESCIENCE PVT. LTD. | B44: 2025 | C44: 45708 | D44: 1800000080 | E44: DR | F44: 45708 | G44: 246779410292 | H44: USD | I44: 1800 | J44: INR | K44: 155346.59 | L44: Fixed Rental charges for Oct 2024 | M44: =VLOOKUP(G44,Sheet2!$D$3:$H$171,3,) -> 140453 | N44: =K44-M44 -> 14893.59 | O44: =N44/K44 -> 0.095873299 | Q44: =VLOOKUP(G44,'[1]TDS not in our Books'!$D:$H,5,0) -> 15606 | R44: =K44-Q44 -> 139740.59 | S44: =VLOOKUP(D44,[2]Sheet1!$D:$S,16,0) -> 1400000887 | T44: =VLOOKUP(D44,[2]Sheet1!$D:$T,17,0) -> 38188
A45: SRIKARAM PRESCIENCE PVT. LTD. | B45: 2025 | C45: 45713 | D45: 1800000347 | E45: DR | F45: 45713 | G45: 246779410321 | H45: USD | I45: 465 | J45: INR | K45: 40131.2 | L45: CY Longstanding container Ground Rent charges for | M45: =VLOOKUP(G45,Sheet2!$D$3:$H$171,3,) -> 36410 | N45: =K45-M45 -> 3721.2 | O45: =N45/K45 -> 0.092725859 | Q45: =VLOOKUP(G45,'[1]TDS not in our Books'!$D:$H,5,0) -> 4046 | R45: =K45-Q45 -> 36085.2
A46: SRIKARAM PRESCIENCE PVT. LTD. | B46: 2025 | C46: 45716 | D46: 1800000372 | E46: DR | F46: 45716 | G46: 246779410341 | H46: USD | I46: 450 | J46: INR | K46: 38836.65 | L46: CY Longstanding container Ground Rent charges for | M46: =VLOOKUP(G46,Sheet2!$D$3:$H$171,3,) -> 35397 | N46: =K46-M46 -> 3439.65 | O46: =N46/K46 -> 0.088567114 | Q46: =VLOOKUP(G46,'[1]TDS not in our Books'!$D:$H,5,0) -> 3933 | R46: =K46-Q46 -> 34903.65 | S46: 1400000077
A47: SRIKARAM PRESCIENCE PVT. LTD. | B47: 2025 | C47: 45716 | D47: 1800000388 | E47: DR | F47: 45716 | G47: 246779410357 | H47: USD | I47: 450 | J47: INR | K47: 38836.65 | L47: CY Longstanding container Ground Rent charges for | M47: =VLOOKUP(G47,Sheet2!$D$3:$H$171,3,) -> 35397 | N47: =K47-M47 -> 3439.65 | O47: =N47/K47 -> 0.088567114 | Q47: =VLOOKUP(G47,'[1]TDS not in our Books'!$D:$H,5,0) -> 3933 | R47: =K47-Q47 -> 34903.65 | S47: =VLOOKUP(D47,[2]Sheet1!$D:$S,16,0) -> 1400000904 | T47: =VLOOKUP(D47,[2]Sheet1!$D:$T,17,0) -> 35397
A48: SRIKARAM PRESCIENCE PVT. LTD. | B48: 2025 | C48: 45716 | D48: 1800000376 | E48: DR | F48: 45716 | G48: 246779410345 | H48: USD | I48: 465 | J48: INR | K48: 40131.2 | L48: CY Longstanding container Ground Rent charges for | M48: =VLOOKUP(G48,Sheet2!$D$3:$H$171,3,) -> 36577 | N48: =K48-M48 -> 3554.2 | O48: =N48/K48 -> 0.088564508 | Q48: =VLOOKUP(G48,'[1]TDS not in our Books'!$D:$H,5,0) -> 4064 | R48: =K48-Q48 -> 36067.2 | S48: =VLOOKUP(D48,[2]Sheet1!$D:$S,16,0) -> 1400000904 | T48: =VLOOKUP(D48,[2]Sheet1!$D:$T,17,0) -> 36577
A49: SRIKARAM PRESCIENCE PVT. LTD. | B49: 2025 | C49: 45716 | D49: 1800000382 | E49: DR | F49: 45716 | G49: 246779410351 | H49: USD | I49: 465 | J49: INR | K49: 40131.2 | L49: CY Longstanding container Ground Rent charges for | M49: =VLOOKUP(G49,Sheet2!$D$3:$H$171,3,) -> 36577 | N49: =K49-M49 -> 3554.2 | O49: =N49/K49 -> 0.088564508 | Q49: =VLOOKUP(G49,'[1]TDS not in our Books'!$D:$H,5,0) -> 4064 | R49: =K49-Q49 -> 36067.2 | S49: =VLOOKUP(D49,[2]Sheet1!$D:$S,16,0) -> 1400000904 | T49: =VLOOKUP(D49,[2]Sheet1!$D:$T,17,0) -> 36577
A50: SRIKARAM PRESCIENCE PVT. LTD. | B50: 2025 | C50: 45719 | D50: 1800000403 | E50: DR | F50: 45719 | G50: 246779410365 | H50: USD | I50: 1018.38 | J50: INR | K50: 88284.65 | L50: Storage Charges for the month of August, 2024 | M50: =VLOOKUP(G50,Sheet2!$D$3:$H$171,3,) -> 80043 | N50: =K50-M50 -> 8241.65 | O50: =N50/K50 -> 0.093353148 | Q50: =VLOOKUP(G50,'[1]TDS not in our Books'!$D:$H,5,0) -> 8894 | R50: =K50-Q50 -> 79390.65
A51: SRIKARAM PRESCIENCE PVT. LTD. | B51: 2025 | C51: 45719 | D51: 1800000429 | E51: DR | F51: 45719 | G51: 246779410391 | H51: USD | I51: 1894.32 | J51: INR | K51: 164220.99 | L51: Storage for the month of Sept 2024 | M51: =VLOOKUP(G51,Sheet2!$D$3:$H$171,3,) -> 148891 | N51: =K51-M51 -> 15329.99 | O51: =N51/K51 -> 0.09334976 | Q51: =VLOOKUP(G51,'[1]TDS not in our Books'!$D:$H,5,0) -> 16543 | R51: =K51-Q51 -> 147677.99 | S51: =VLOOKUP(D51,[2]Sheet1!$D:$S,16,0) -> 1400000077
A52: SRIKARAM PRESCIENCE PVT. LTD. | B52: 2025 | C52: 45719 | D52: 1800000453 | E52: DR | F52: 45719 | G52: 246779410415 | H52: USD | I52: 1930.92 | J52: INR | K52: 167393.89 | L52: Storage for the month of Oct 2024 | M52: =VLOOKUP(G52,Sheet2!$D$3:$H$171,3,) -> 151767 | N52: =K52-M52 -> 15626.89 | O52: =N52/K52 -> 0.093354005 | Q52: =VLOOKUP(G52,'[1]TDS not in our Books'!$D:$H,5,0) -> 16863 | R52: =K52-Q52 -> 150530.89 | S52: =VLOOKUP(D52,[2]Sheet1!$D:$S,16,0) -> 1400000904 | T52: =VLOOKUP(D52,[2]Sheet1!$D:$T,17,0) -> 151767
A53: SRIKARAM PRESCIENCE PVT. LTD. | B53: 2025 | C53: 45722 | D53: 1800000922 | E53: DR | F53: 45722 | G53: 246779410862 | H53: USD | I53: 2306.52 | J53: INR | K53: 199955.13 | L53: Storage for the month of Nov 2024 | M53: =VLOOKUP(G53,Sheet2!$D$3:$H$171,3,) -> 180778 | N53: =K53-M53 -> 19177.13 | O53: =N53/K53 -> 0.095907167 | Q53: =VLOOKUP(G53,'[1]TDS not in our Books'!$D:$H,5,0) -> 20087 | R53: =K53-Q53 -> 179868.13 | S53: =VLOOKUP(D53,[2]Sheet1!$D:$S,16,0) -> 1400000904 | T53: =VLOOKUP(D53,[2]Sheet1!$D:$T,17,0) -> 180778
A54: SRIKARAM PRESCIENCE PVT. LTD. | B54: 2025 | C54: 45722 | D54: 1800000945 | E54: DR | F54: 45722 | G54: 246779410885 | H54: USD | I54: 2390.58 | J54: INR | K54: 207242.39 | L54: Storage for the month of Dec 2024 | M54: =VLOOKUP(G54,Sheet2!$D$3:$H$171,3,) -> 187367 | N54: =K54-M54 -> 19875.39 | O54: =N54/K54 -> 0.095904076 | Q54: =VLOOKUP(G54,'[1]TDS not in our Books'!$D:$H,5,0) -> 20819 | R54: =K54-Q54 -> 186423.39 | S54: =VLOOKUP(D54,[2]Sheet1!$D:$S,16,0) -> 1400000904 | T54: =VLOOKUP(D54,[2]Sheet1!$D:$T,17,0) -> 156639
A55: SRIKARAM PRESCIENCE PVT. LTD. | B55: 2025 | C55: 45729 | D55: 1800001470 | E55: DR | F55: 45729 | G55: 246779411302 | H55: USD | I55: 35 | J55: INR | K55: 3034.19 | L55: Scanning Charges for the month of September, 2024 | M55: =VLOOKUP(G55,Sheet2!$D$3:$H$171,3,) -> 2987 | N55: =K55-M55 -> 47.19 | O55: =N55/K55 -> 0.01555275 | Q55: =VLOOKUP(G55,'[1]TDS not in our Books'!$D:$H,5,0) -> 61 | R55: =K55-Q55 -> 2973.19 | S55: =VLOOKUP(D55,[2]Sheet1!$D:$S,16,0) -> 1400000922 | T55: =VLOOKUP(D55,[2]Sheet1!$D:$T,17,0) -> 2987
A56: SRIKARAM PRESCIENCE PVT. LTD. | B56: 2025 | C56: 45730 | D56: 1800001793 | E56: DR | F56: 45730 | G56: 246779411458 | H56: USD | I56: 77.2 | J56: INR | K56: 6692.57 | L56: VAS Activity Charges for the month of August, 24 | M56: =VLOOKUP(G56,Sheet2!$D$3:$H$171,3,) -> 6589 | N56: =K56-M56 -> 103.57 | O56: =N56/K56 -> 0.01547537 | Q56: =VLOOKUP(G56,'[1]TDS not in our Books'!$D:$H,5,0) -> 134 | R56: =K56-Q56 -> 6558.57 | S56: =VLOOKUP(D56,[2]Sheet1!$D:$S,16,0) -> 1400000922 | T56: =VLOOKUP(D56,[2]Sheet1!$D:$T,17,0) -> 6589
A57: SRIKARAM PRESCIENCE PVT. LTD. | B57: 2025 | C57: 45730 | D57: 1800001590 | E57: DR | F57: 45730 | G57: 246779412247 | H57: USD | I57: 77.2 | J57: INR | K57: 6692.57 | L57: VAS Activity Charges for the month of August, 24 | M57: =VLOOKUP(G57,Sheet2!$D$3:$H$171,3,) -> 6589 | N57: =K57-M57 -> 103.57 | O57: =N57/K57 -> 0.01547537 | Q57: =VLOOKUP(G57,'[1]TDS not in our Books'!$D:$H,5,0) -> 134 | R57: =K57-Q57 -> 6558.57 | S57: =VLOOKUP(D57,[2]Sheet1!$D:$S,16,0) -> 1400000922 | T57: =VLOOKUP(D57,[2]Sheet1!$D:$T,17,0) -> 6589
A58: SRIKARAM PRESCIENCE PVT. LTD. | B58: 2025 | C58: 45733 | D58: 1800001962 | E58: DR | F58: 45733 | G58: 246779411627 | H58: USD | I58: 61.82 | J58: INR | K58: 5359.25 | L58: VAS Activity Charges for the month of September, 2 | M58: =VLOOKUP(G58,Sheet2!$D$3:$H$171,3,) -> 5258 | N58: =K58-M58 -> 101.25 | O58: =N58/K58 -> 0.018892569 | Q58: =VLOOKUP(G58,'[1]TDS not in our Books'!$D:$H,5,0) -> 107 | R58: =K58-Q58 -> 5252.25 | S58: =VLOOKUP(D58,[2]Sheet1!$D:$S,16,0) -> 1400000922 | T58: =VLOOKUP(D58,[2]Sheet1!$D:$T,17,0) -> 5258
A59: SRIKARAM PRESCIENCE PVT. LTD. | B59: 2025 | C59: 45733 | D59: 1800001960 | E59: DR | F59: 45733 | G59: 246779411625 | H59: USD | I59: 69.82 | J59: INR | K59: 6052.78 | L59: VAS Activity Charges for the month of September, 2 | M59: =VLOOKUP(G59,Sheet2!$D$3:$H$171,3,) -> 5939 | N59: =K59-M59 -> 113.78 | O59: =N59/K59 -> 0.018797974 | Q59: =VLOOKUP(G59,'[1]TDS not in our Books'!$D:$H,5,0) -> 121 | R59: =K59-Q59 -> 5931.78 | S59: =VLOOKUP(D59,[2]Sheet1!$D:$S,16,0) -> 1400000922 | T59: =VLOOKUP(D59,[2]Sheet1!$D:$T,17,0) -> 5939
A60: SRIKARAM PRESCIENCE PVT. LTD. | B60: 2025 | C60: 45733 | D60: 1800001961 | E60: DR | F60: 45733 | G60: 246779411626 | H60: USD | I60: 71.61 | J60: INR | K60: 6207.96 | L60: VAS Activity Charges for the month of September, 2 | M60: =VLOOKUP(G60,Sheet2!$D$3:$H$171,3,) -> 6091 | N60: =K60-M60 -> 116.96 | O60: =N60/K60 -> 0.018840328 | Q60: =VLOOKUP(G60,'[1]TDS not in our Books'!$D:$H,5,0) -> 124 | R60: =K60-Q60 -> 6083.96 | S60: =VLOOKUP(D60,[2]Sheet1!$D:$S,16,0) -> 1400000922 | T60: =VLOOKUP(D60,[2]Sheet1!$D:$T,17,0) -> 6091
A61: SRIKARAM PRESCIENCE PVT. LTD. | B61: 2025 | C61: 45733 | D61: 1800002403 | E61: DR | F61: 45733 | G61: 246779412068 | H61: USD | I61: 122.18 | J61: INR | K61: 10591.94 | L61: VAS Activity Charges for the month of December, 24 | M61: =VLOOKUP(G61,Sheet2!$D$3:$H$171,3,) -> 10392 | N61: =K61-M61 -> 199.94 | O61: =N61/K61 -> 0.018876618 | Q61: =VLOOKUP(G61,'[1]TDS not in our Books'!$D:$H,5,0) -> 212 | R61: =K61-Q61 -> 10379.94 | S61: =VLOOKUP(D61,[2]Sheet1!$D:$S,16,0) -> 1400000922 | T61: =VLOOKUP(D61,[2]Sheet1!$D:$T,17,0) -> 10392
A62: SRIKARAM PRESCIENCE PVT. LTD. | B62: 2025 | C62: 45733 | D62: 1800001959 | E62: DR | F62: 45733 | G62: 246779411624 | H62: USD | I62: 245.69 | J62: INR | K62: 21299.18 | L62: VAS Activity Charges for the month of September, 2 | M62: =VLOOKUP(G62,Sheet2!$D$3:$H$171,3,) -> 20898 | N62: =K62-M62 -> 401.18 | O62: =N62/K62 -> 0.018835467 | Q62: =VLOOKUP(G62,'[1]TDS not in our Books'!$D:$H,5,0) -> 426 | R62: =K62-Q62 -> 20873.18 | S62: =VLOOKUP(D62,[2]Sheet1!$D:$S,16,0) -> 1400000922 | T62: =VLOOKUP(D62,[2]Sheet1!$D:$T,17,0) -> 20898
A63: SRIKARAM PRESCIENCE PVT. LTD. | B63: 2025 | C63: 45735 | D63: 1800003353 | E63: DR | F63: 45735 | G63: 246779413220 | H63: USD | I63: 26.04 | J63: INR | K63: 2257.44 | L63: HLBU3011446-Port SSR Shifting Jan 2025. Exch rate | M63: =VLOOKUP(G63,Sheet2!$D$3:$H$171,3,) -> 2207 | N63: =K63-M63 -> 50.44 | O63: =N63/K63 -> 0.022343894 | Q63: =VLOOKUP(G63,'[1]TDS not in our Books'!$D:$H,5,0) -> 45 | R63: =K63-Q63 -> 2212.44 | S63: =VLOOKUP(D63,[2]Sheet1!$D:$S,16,0) -> 1400000922 | T63: =VLOOKUP(D63,[2]Sheet1!$D:$T,17,0) -> 2207
A64: SRIKARAM PRESCIENCE PVT. LTD. | B64: 2025 | C64: 45947 | D64: 1600002475 | E64: DG | F64: 45947 | G64: 256779422017 | H64: USD | I64: -156.08 | J64: INR | K64: -13764.82 | L64: Credit note raised against 256779418079 | M64: =VLOOKUP(G64,Sheet2!$D$3:$H$171,3,) -> #N/A | Q64: =VLOOKUP(G64,'[1]TDS not in our Books'!$D:$H,5,0) -> #N/A
A65: SRIKARAM PRESCIENCE PVT. LTD. | B65: 2025 | C65: 45735 | D65: 1800003132 | E65: DR | F65: 45735 | G65: 246779412999 | H65: USD | I65: 186.08 | J65: INR | K65: 16131.51 | L65: Fixed Storage Charges for Mar 2025 | M65: =VLOOKUP(G65,Sheet2!$D$3:$H$171,3,) -> 14486 | N65: =K65-M65 -> 1645.51 | O65: =N65/K65 -> 0.10200595 | Q65: =VLOOKUP(G65,'[1]TDS not in our Books'!$D:$H,5,0) -> 1610 | R65: =K65-Q65 -> 14521.51 | S65: =VLOOKUP(D65,[2]Sheet1!$D:$S,16,0) -> 1400000922 | T65: =VLOOKUP(D65,[2]Sheet1!$D:$T,17,0) -> 14486
A66: SRIKARAM PRESCIENCE PVT. LTD. | B66: 2025 | C66: 45736 | D66: 1800004362 | E66: DR | F66: 45736 | G66: 246779414230 | H66: USD | I66: 1 | J66: INR | K66: 86.69 | L66: Loose loading Handling charges for Sep 2024 | M66: =VLOOKUP(G66,Sheet2!$D$3:$H$171,3,) -> 84 | N66: =K66-M66 -> 2.69 | O66: =N66/K66 -> 0.031030107 | Q66: =VLOOKUP(G66,'[1]TDS not in our Books'!$D:$H,5,0) -> 2 | R66: =K66-Q66 -> 84.69 | S66: =VLOOKUP(D66,[2]Sheet1!$D:$S,16,0) -> 1400000922 | T66: =VLOOKUP(D66,[2]Sheet1!$D:$T,17,0) -> 84
A67: SRIKARAM PRESCIENCE PVT. LTD. | B67: 2025 | C67: 45736 | D67: 1800004038 | E67: DR | F67: 45736 | G67: 246779413894 | H67: USD | I67: 2 | J67: INR | K67: 173.38 | L67: Outbound Handling charges for Feb 2025 | M67: =VLOOKUP(G67,Sheet2!$D$3:$H$171,3,) -> 170 | N67: =K67-M67 -> 3.38 | O67: =N67/K67 -> 0.019494751 | Q67: =VLOOKUP(G67,'[1]TDS not in our Books'!$D:$H,5,0) -> 3 | R67: =K67-Q67 -> 170.38 | S67: =VLOOKUP(D67,[2]Sheet1!$D:$S,16,0) -> 1400000922 | T67: =VLOOKUP(D67,[2]Sheet1!$D:$T,17,0) -> 170
A68: SRIKARAM PRESCIENCE PVT. LTD. | B68: 2025 | C68: 45736 | D68: 1800004055 | E68: DR | F68: 45736 | G68: 246779413911 | H68: USD | I68: 1.99 | J68: INR | K68: 172.52 | L68: Outbound Handling charges for Feb 2025 | M68: =VLOOKUP(G68,Sheet2!$D$3:$H$171,3,) -> 169 | N68: =K68-M68 -> 3.52 | O68: =N68/K68 -> 0.020403431 | Q68: =VLOOKUP(G68,'[1]TDS not in our Books'!$D:$H,5,0) -> 3 | R68: =K68-Q68 -> 169.52 | S68: =VLOOKUP(D68,[2]Sheet1!$D:$S,16,0) -> 1400000922 | T68: =VLOOKUP(D68,[2]Sheet1!$D:$T,17,0) -> 169
A69: SRIKARAM PRESCIENCE PVT. LTD. | B69: 2025 | C69: 45736 | D69: 1800004045 | E69: DR | F69: 45736 | G69: 246779413901 | H69: USD | I69: 1.75 | J69: INR | K69: 151.71 | L69: Outbound Handling charges for Feb 2025 | M69: =VLOOKUP(G69,Sheet2!$D$3:$H$171,3,) -> 148 | N69: =K69-M69 -> 3.71 | O69: =N69/K69 -> 0.024454551 | Q69: =VLOOKUP(G69,'[1]TDS not in our Books'!$D:$H,5,0) -> 3 | R69: =K69-Q69 -> 148.71 | S69: =VLOOKUP(D69,[2]Sheet1!$D:$S,16,0) -> 1400000922 | T69: =VLOOKUP(D69,[2]Sheet1!$D:$T,17,0) -> 148
A70: SRIKARAM PRESCIENCE PVT. LTD. | B70: 2025 | C70: 45736 | D70: 1800004037 | E70: DR | F70: 45736 | G70: 246779413893 | H70: USD | I70: 1.75 | J70: INR | K70: 151.71 | L70: Outbound Handling charges for Feb 2025 | M70: =VLOOKUP(G70,Sheet2!$D$3:$H$171,3,) -> 148 | N70: =K70-M70 -> 3.71 | O70: =N70/K70 -> 0.024454551 | Q70: =VLOOKUP(G70,'[1]TDS not in our Books'!$D:$H,5,0) -> 3 | R70: =K70-Q70 -> 148.71 | S70: =VLOOKUP(D70,[2]Sheet1!$D:$S,16,0) -> 1400000922 | T70: =VLOOKUP(D70,[2]Sheet1!$D:$T,17,0) -> 148
A71: SRIKARAM PRESCIENCE PVT. LTD. | B71: 2025 | C71: 45736 | D71: 1800004873 | E71: DR | F71: 45736 | G71: 246779414741 | H71: USD | I71: 1.97 | J71: INR | K71: 170.78 | L71: Loose Loading Handling charges for Jan 2025 | M71: =VLOOKUP(G71,Sheet2!$D$3:$H$171,3,) -> 167 | N71: =K71-M71 -> 3.78 | O71: =N71/K71 -> 0.022133739 | Q71: =VLOOKUP(G71,'[1]TDS not in our Books'!$D:$H,5,0) -> 3 | R71: =K71-Q71 -> 167.78 | S71: =VLOOKUP(D71,[2]Sheet1!$D:$S,16,0) -> 1400000922 | T71: =VLOOKUP(D71,[2]Sheet1!$D:$T,17,0) -> 167
A72: SRIKARAM PRESCIENCE PVT. LTD. | B72: 2025 | C72: 45736 | D72: 1800005034 | E72: DR | F72: 45736 | G72: 246779414902 | H72: USD | I72: 3.52 | J72: INR | K72: 305.15 | L72: Outbound Handling charges for Jan 2025 | M72: =VLOOKUP(G72,Sheet2!$D$3:$H$171,3,) -> 298 | N72: =K72-M72 -> 7.15 | O72: =N72/K72 -> 0.023431099 | Q72: =VLOOKUP(G72,'[1]TDS not in our Books'!$D:$H,5,0) -> 6 | R72: =K72-Q72 -> 299.15 | S72: =VLOOKUP(D72,[2]Sheet1!$D:$S,16,0) -> 1400000922 | T72: =VLOOKUP(D72,[2]Sheet1!$D:$T,17,0) -> 298
A73: SRIKARAM PRESCIENCE PVT. LTD. | B73: 2025 | C73: 45736 | D73: 1800004605 | E73: DR | F73: 45736 | G73: 246779414473 | H73: USD | I73: 6.38 | J73: INR | K73: 553.09 | L73: Loose Unloading charges for Jan 2025 | M73: =VLOOKUP(G73,Sheet2!$D$3:$H$171,3,) -> 540 | N73: =K73-M73 -> 13.09 | O73: =N73/K73 -> 0.023667034 | Q73: =VLOOKUP(G73,'[1]TDS not in our Books'!$D:$H,5,0) -> 11 | R73: =K73-Q73 -> 542.09 | S73: =VLOOKUP(D73,[2]Sheet1!$D:$S,16,0) -> 1400000922 | T73: =VLOOKUP(D73,[2]Sheet1!$D:$T,17,0) -> 540
A74: SRIKARAM PRESCIENCE PVT. LTD. | B74: 2025 | C74: 45736 | D74: 1800005033 | E74: DR | F74: 45736 | G74: 246779414901 | H74: USD | I74: 6.13 | J74: INR | K74: 531.42 | L74: Outbound Handling charges for Jan 2025 | M74: =VLOOKUP(G74,Sheet2!$D$3:$H$171,3,) -> 518 | N74: =K74-M74 -> 13.42 | O74: =N74/K74 -> 0.025253095 | Q74: =VLOOKUP(G74,'[1]TDS not in our Books'!$D:$H,5,0) -> 11 | R74: =K74-Q74 -> 520.42 | S74: =VLOOKUP(D74,[2]Sheet1!$D:$S,16,0) -> 1400000922 | T74: =VLOOKUP(D74,[2]Sheet1!$D:$T,17,0) -> 518
A75: SRIKARAM PRESCIENCE PVT. LTD. | B75: 2025 | C75: 45736 | D75: 1800004742 | E75: DR | F75: 45736 | G75: 246779414610 | H75: USD | I75: 7 | J75: INR | K75: 606.84 | L75: Outbound Handling charges for Oct 2024 | M75: =VLOOKUP(G75,Sheet2!$D$3:$H$171,3,) -> 592 | N75: =K75-M75 -> 14.84 | O75: =N75/K75 -> 0.024454551 | Q75: =VLOOKUP(G75,'[1]TDS not in our Books'!$D:$H,5,0) -> 12 | R75: =K75-Q75 -> 594.84 | S75: =VLOOKUP(D75,[2]Sheet1!$D:$S,16,0) -> 1400000922 | T75: =VLOOKUP(D75,[2]Sheet1!$D:$T,17,0) -> 592
A76: SRIKARAM PRESCIENCE PVT. LTD. | B76: 2025 | C76: 45736 | D76: 1800004361 | E76: DR | F76: 45736 | G76: 246779414229 | H76: USD | I76: 9.1 | J76: INR | K76: 788.89 | L76: Outbound Handling charges for Sep 2024 | M76: =VLOOKUP(G76,Sheet2!$D$3:$H$171,3,) -> 769 | N76: =K76-M76 -> 19.89 | O76: =N76/K76 -> 0.025212641 | Q76: =VLOOKUP(G76,'[1]TDS not in our Books'!$D:$H,5,0) -> 16 | R76: =K76-Q76 -> 772.89 | S76: =VLOOKUP(D76,[2]Sheet1!$D:$S,16,0) -> 1400000922 | T76: =VLOOKUP(D76,[2]Sheet1!$D:$T,17,0) -> 769
... A112: SRIKARAM PRESCIENCE PVT. LTD. | B112: 2025 | C112: 45751 | D112: 1800005913 | E112: DR | F112: 45751 | G112: 256779410804 | H112: USD | I112: 2592.75 | J112: INR | K112: 225366.55 | L112: Storage Charges Jan, 25 | M112: =VLOOKUP(G112,Sheet2!$D$3:$H$171,3,) -> 198877 | N112: =K112-M112 -> 26489.55 | O112: =N112/K112 -> 0.11753985 | Q112: =VLOOKUP(G112,'[1]TDS not in our Books'!$D:$H,5,0) -> 22098 | R112: =K112-Q112 -> 203268.55 | S112: =VLOOKUP(D112,[2]Sheet1!$D:$S,16,0) -> 1400000966 | T112: =VLOOKUP(D112,[2]Sheet1!$D:$T,17,0) -> 56176
A113: SRIKARAM PRESCIENCE PVT. LTD. | B113: 2025 | C113: 45791 | D113: 1600000605 | E113: DG | F113: 45791 | G113: 256779420314 | H113: USD | I113: -77.2 | J113: INR | K113: -6692.57 | L113: Credit note against 246779412247 | M113: =VLOOKUP(G113,Sheet2!$D$3:$H$171,3,) -> #N/A | Q113: =VLOOKUP(G113,'[1]TDS not in our Books'!$D:$H,5,0) -> #N/A
A114: SRIKARAM PRESCIENCE PVT. LTD. | B114: 2025 | C114: 45791 | D114: 1600000704 | E114: DG | F114: 45791 | G114: 256779420413 | H114: USD | I114: -1800 | J114: INR | K114: -156459.28 | L114: Credit note against 256779410280 | M114: =VLOOKUP(G114,Sheet2!$D$3:$H$171,3,) -> #N/A | Q114: =VLOOKUP(G114,'[1]TDS not in our Books'!$D:$H,5,0) -> #N/A
A115: SRIKARAM PRESCIENCE PVT. LTD. | B115: 2025 | C115: 45791 | D115: 1600000791 | E115: DG | F115: 45791 | G115: 256779420500 | H115: USD | I115: -1800 | J115: INR | K115: -156459.28 | L115: Credit note against 256779410239 | M115: =VLOOKUP(G115,Sheet2!$D$3:$H$171,3,) -> #N/A | Q115: =VLOOKUP(G115,'[1]TDS not in our Books'!$D:$H,5,0) -> #N/A
A116: SRIKARAM PRESCIENCE PVT. LTD. | B116: 2025 | C116: 45762 | D116: 1800006278 | E116: DR | F116: 45762 | G116: 256779411169 | H116: USD | I116: 50 | J116: INR | K116: 4346.09 | L116: LCL Charges August 2024 | M116: =VLOOKUP(G116,Sheet2!$D$3:$H$171,3,) -> 4199 | N116: =K116-M116 -> 147.09 | O116: =N116/K116 -> 0.033844214 | Q116: =VLOOKUP(G116,'[1]TDS not in our Books'!$D:$H,5,0) -> 86 | R116: =K116-Q116 -> 4260.09 | S116: =VLOOKUP(D116,[2]Sheet1!$D:$S,16,0) -> 1400001259 | T116: =VLOOKUP(D116,[2]Sheet1!$D:$T,17,0) -> 4199
A117: SRIKARAM PRESCIENCE PVT. LTD. | B117: 2025 | C117: 45762 | D117: 1800006277 | E117: DR | F117: 45762 | G117: 256779411168 | H117: USD | I117: 60.51 | J117: INR | K117: 5259.64 | L117: LCL Charges August 2024 | M117: =VLOOKUP(G117,Sheet2!$D$3:$H$171,3,) -> 5081 | N117: =K117-M117 -> 178.64 | O117: =N117/K117 -> 0.033964302 | Q117: =VLOOKUP(G117,'[1]TDS not in our Books'!$D:$H,5,0) -> 104 | R117: =K117-Q117 -> 5155.64 | S117: =VLOOKUP(D117,[2]Sheet1!$D:$S,16,0) -> 1400001259 | T117: =VLOOKUP(D117,[2]Sheet1!$D:$T,17,0) -> 5081
A118: SRIKARAM PRESCIENCE PVT. LTD. | B118: 2025 | C118: 45762 | D118: 1800006276 | E118: DR | F118: 45762 | G118: 256779411167 | H118: USD | I118: 68.82 | J118: INR | K118: 5981.96 | L118: LCL Charges August 2024 | M118: =VLOOKUP(G118,Sheet2!$D$3:$H$171,3,) -> 5779 | N118: =K118-M118 -> 202.96 | O118: =N118/K118 -> 0.033928679 | Q118: =VLOOKUP(G118,'[1]TDS not in our Books'!$D:$H,5,0) -> 118 | R118: =K118-Q118 -> 5863.96 | S118: =VLOOKUP(D118,[2]Sheet1!$D:$S,16,0) -> 1400001259 | T118: =VLOOKUP(D118,[2]Sheet1!$D:$T,17,0) -> 5779
A119: SRIKARAM PRESCIENCE PVT. LTD. | B119: 2025 | C119: 45762 | D119: 1800006279 | E119: DR | F119: 45762 | G119: 256779411170 | H119: USD | I119: 120 | J119: INR | K119: 10430.62 | L119: Inbound Handling for August 24 | M119: =VLOOKUP(G119,Sheet2!$D$3:$H$171,3,) -> 10077 | N119: =K119-M119 -> 353.62 | O119: =N119/K119 -> 0.033902107 | Q119: =VLOOKUP(G119,'[1]TDS not in our Books'!$D:$H,5,0) -> 206 | R119: =K119-Q119 -> 10224.62 | S119: =VLOOKUP(D119,[2]Sheet1!$D:$S,16,0) -> 1400001259 | T119: =VLOOKUP(D119,[2]Sheet1!$D:$T,17,0) -> 10077
A120: SRIKARAM PRESCIENCE PVT. LTD. | B120: 2025 | C120: 45763 | D120: 1800006923 | E120: DR | F120: 45763 | G120: 256779411814 | H120: USD | I120: 1 | J120: INR | K120: 86.92 | L120: Loose Unloading charges for Dec 2024 | M120: =VLOOKUP(G120,Sheet2!$D$3:$H$171,3,) -> 84 | N120: =K120-M120 -> 2.92 | O120: =N120/K120 -> 0.03359411 | Q120: =VLOOKUP(G120,'[1]TDS not in our Books'!$D:$H,5,0) -> 2 | R120: =K120-Q120 -> 84.92 | S120: =VLOOKUP(D120,[2]Sheet1!$D:$S,16,0) -> 1400001259 | T120: =VLOOKUP(D120,[2]Sheet1!$D:$T,17,0) -> 84
A121: SRIKARAM PRESCIENCE PVT. LTD. | B121: 2025 | C121: 45763 | D121: 1800007004 | E121: DR | F121: 45763 | G121: 256779411895 | H121: USD | I121: 1 | J121: INR | K121: 86.92 | L121: Loose loading Handling charges for Dec 2024 | M121: =VLOOKUP(G121,Sheet2!$D$3:$H$171,3,) -> 84 | N121: =K121-M121 -> 2.92 | O121: =N121/K121 -> 0.03359411 | Q121: =VLOOKUP(G121,'[1]TDS not in our Books'!$D:$H,5,0) -> 2 | R121: =K121-Q121 -> 84.92 | S121: =VLOOKUP(D121,[2]Sheet1!$D:$S,16,0) -> 1400001259 | T121: =VLOOKUP(D121,[2]Sheet1!$D:$T,17,0) -> 84
A122: SRIKARAM PRESCIENCE PVT. LTD. | B122: 2025 | C122: 45763 | D122: 1800006922 | E122: DR | F122: 45763 | G122: 256779411813 | H122: USD | I122: 1.75 | J122: INR | K122: 152.11 | L122: Inbound Handling charges for Dec 2024 | M122: =VLOOKUP(G122,Sheet2!$D$3:$H$171,3,) -> 147 | N122: =K122-M122 -> 5.11 | O122: =N122/K122 -> 0.03359411 | Q122: =VLOOKUP(G122,'[1]TDS not in our Books'!$D:$H,5,0) -> 3 | R122: =K122-Q122 -> 149.11 | S122: =VLOOKUP(D122,[2]Sheet1!$D:$S,16,0) -> 1400001259 | T122: =VLOOKUP(D122,[2]Sheet1!$D:$T,17,0) -> 147
A123: SRIKARAM PRESCIENCE PVT. LTD. | B123: 2025 | C123: 45763 | D123: 1800007003 | E123: DR | F123: 45763 | G123: 256779411894 | H123: USD | I123: 7.07 | J123: INR | K123: 614.54 | L123: Outbound Handling charges for Dec 2024 | M123: =VLOOKUP(G123,Sheet2!$D$3:$H$171,3,) -> 594 | N123: =K123-M123 -> 20.54 | O123: =N123/K123 -> 0.033423374 | Q123: =VLOOKUP(G123,'[1]TDS not in our Books'!$D:$H,5,0) -> 12 | R123: =K123-Q123 -> 602.54 | S123: =VLOOKUP(D123,[2]Sheet1!$D:$S,16,0) -> 1400001259 | T123: =VLOOKUP(D123,[2]Sheet1!$D:$T,17,0) -> 594
A124: SRIKARAM PRESCIENCE PVT. LTD. | B124: 2025 | C124: 45763 | D124: 1800007214 | E124: DR | F124: 45763 | G124: 256779412105 | H124: USD | I124: 12.85 | J124: INR | K124: 1116.95 | L124: VAS Activity - Mar 25, 16-31, Ex Rate. 85.58 | M124: =VLOOKUP(G124,Sheet2!$D$3:$H$171,3,) -> 1078 | N124: =K124-M124 -> 38.95 | O124: =N124/K124 -> 0.034871749 | Q124: =VLOOKUP(G124,'[1]TDS not in our Books'!$D:$H,5,0) -> 22 | R124: =K124-Q124 -> 1094.95 | S124: =VLOOKUP(D124,[2]Sheet1!$D:$S,16,0) -> 1400001259 | T124: =VLOOKUP(D124,[2]Sheet1!$D:$T,17,0) -> 1078
A125: SRIKARAM PRESCIENCE PVT. LTD. | B125: 2025 | C125: 45763 | D125: 1800006924 | E125: DR | F125: 45763 | G125: 256779411815 | H125: USD | I125: 15 | J125: INR | K125: 1303.83 | L125: LCL charges for Dec 2024 | M125: =VLOOKUP(G125,Sheet2!$D$3:$H$171,3,) -> 1259 | N125: =K125-M125 -> 44.83 | O125: =N125/K125 -> 0.034383317 | Q125: =VLOOKUP(G125,'[1]TDS not in our Books'!$D:$H,5,0) -> 26 | R125: =K125-Q125 -> 1277.83 | S125: =VLOOKUP(D125,[2]Sheet1!$D:$S,16,0) -> 1400001259 | T125: =VLOOKUP(D125,[2]Sheet1!$D:$T,17,0) -> 1259
A126: SRIKARAM PRESCIENCE PVT. LTD. | B126: 2025 | C126: 45763 | D126: 1800007133 | E126: DR | F126: 45763 | G126: 256779412024 | H126: USD | I126: 489.55 | J126: INR | K126: 42552.58 | L126: VAS Activity - Jan 25, Ex Rate. 86.64 | M126: =VLOOKUP(G126,Sheet2!$D$3:$H$171,3,) -> 41567 | N126: =K126-M126 -> 985.58 | O126: =N126/K126 -> 0.023161463 | Q126: =VLOOKUP(G126,'[1]TDS not in our Books'!$D:$H,5,0) -> 848 | R126: =K126-Q126 -> 41704.58 | S126: =VLOOKUP(D126,[2]Sheet1!$D:$S,16,0) -> 1400001259 | T126: =VLOOKUP(D126,[2]Sheet1!$D:$T,17,0) -> 28917
A127: SRIKARAM PRESCIENCE PVT. LTD. | B127: 2025 | C127: 45763 | D127: 1800006833 | E127: DR | F127: 45763 | G127: 256779411724 | H127: USD | I127: 620 | J127: INR | K127: 53891.53 | L127: CY Longstanding Transportation chgs for 31 MAR 202 | M127: =VLOOKUP(G127,Sheet2!$D$3:$H$171,3,) -> 52814 | N127: =K127-M127 -> 1077.53 | O127: =N127/K127 -> 0.019994422 | Q127: =VLOOKUP(G127,'[1]TDS not in our Books'!$D:$H,5,0) -> 1078 | R127: =K127-Q127 -> 52813.53 | S127: =VLOOKUP(D127,[2]Sheet1!$D:$S,16,0) -> 1400001341 | T127: =VLOOKUP(D127,[2]Sheet1!$D:$T,17,0) -> 52814
... A176: SRIKARAM PRESCIENCE PVT. LTD. | B176: 2025 | C176: 45877 | D176: 1800011650 | E176: DR | F176: 45877 | G176: 256779416081 | H176: USD | I176: 1267.5 | J176: INR | K176: 109043.18 | L176: Unit Storage - 1-31 July 25 | M176: =VLOOKUP(G176,Sheet2!$D$3:$H$171,3,) -> 98139 | N176: =K176-M176 -> 10904.18 | O176: =N176/K176 -> 0.099998734 | Q176: =VLOOKUP(G176,'[1]TDS not in our Books'!$D:$H,5,0) -> 10904 | R176: =K176-Q176 -> 98139.18 | S176: =VLOOKUP(D176,[2]Sheet1!$D:$S,16,0) -> 1400002521 | T176: =VLOOKUP(D176,[2]Sheet1!$D:$T,17,0) -> 98139
A177: SRIKARAM PRESCIENCE PVT. LTD. | B177: 2025 | C177: 45873 | D177: 1600002058 | E177: DG | F177: 45873 | G177: 256779421634 | H177: USD | I177: -239.19 | J177: INR | K177: -20570.5 | L177: Credit note raised against 256779415806 | M177: =VLOOKUP(G177,Sheet2!$D$3:$H$171,3,) -> #N/A | Q177: =VLOOKUP(G177,'[1]TDS not in our Books'!$D:$H,5,0) -> #N/A
A178: SRIKARAM PRESCIENCE PVT. LTD. | B178: 2025 | C178: 45889 | D178: 1800012252 | E178: DR | F178: 45889 | G178: 256779416848 | H178: USD | I178: 17.75 | J178: INR | K178: 1527.03 | L178: LCL chgs - 01 - 15 AUG 25 | M178: =VLOOKUP(G178,Sheet2!$D$3:$H$171,3,) -> 1496 | N178: =K178-M178 -> 31.03 | O178: =N178/K178 -> 0.020320491 | Q178: =VLOOKUP(G178,'[1]TDS not in our Books'!$D:$H,5,0) -> 31 | R178: =K178-Q178 -> 1496.03 | S178: =VLOOKUP(D178,[2]Sheet1!$D:$S,16,0) -> 1400002521 | T178: =VLOOKUP(D178,[2]Sheet1!$D:$T,17,0) -> 1496
A179: SRIKARAM PRESCIENCE PVT. LTD. | B179: 2025 | C179: 45889 | D179: 1800012221 | E179: DR | F179: 45889 | G179: 256779416883 | H179: USD | I179: 50.05 | J179: INR | K179: 4305.81 | L179: Outbound chgs - 01 - 15 Aug 25 | M179: =VLOOKUP(G179,Sheet2!$D$3:$H$171,3,) -> 4220 | N179: =K179-M179 -> 85.81 | O179: =N179/K179 -> 0.019928887 | Q179: =VLOOKUP(G179,'[1]TDS not in our Books'!$D:$H,5,0) -> 86 | R179: =K179-Q179 -> 4219.81 | S179: =VLOOKUP(D179,[2]Sheet1!$D:$S,16,0) -> 1400002521 | T179: =VLOOKUP(D179,[2]Sheet1!$D:$T,17,0) -> 4220
A180: SRIKARAM PRESCIENCE PVT. LTD. | B180: 2025 | C180: 45904 | D180: 1800012690 | E180: DR | F180: 45904 | G180: 256779417330 | H180: USD | I180: 13.52 | J180: INR | K180: 1183.19 | L180: Outbound chgs - 16 - 31 Aug 25 | M180: =VLOOKUP(G180,Sheet2!$D$3:$H$171,3,) -> 1159 | N180: =K180-M180 -> 24.19 | O180: =N180/K180 -> 0.02044473 | Q180: =VLOOKUP(G180,'[1]TDS not in our Books'!$D:$H,5,0) -> 24 | R180: =K180-Q180 -> 1159.19 | S180: =VLOOKUP(D180,[2]Sheet1!$D:$S,16,0) -> 1400002521 | T180: =VLOOKUP(D180,[2]Sheet1!$D:$T,17,0) -> 1159
A181: SRIKARAM PRESCIENCE PVT. LTD. | B181: 2025 | C181: 45904 | D181: 1800012463 | E181: DR | F181: 45904 | G181: 256779417163 | H181: USD | I181: 75.13 | J181: INR | K181: 6574.95 | L181: VAS -16-31 Aug 25 | M181: =VLOOKUP(G181,Sheet2!$D$3:$H$171,3,) -> 6444 | N181: =K181-M181 -> 130.95 | O181: =N181/K181 -> 0.019916501 | Q181: =VLOOKUP(G181,'[1]TDS not in our Books'!$D:$H,5,0) -> 131 | R181: =K181-Q181 -> 6443.95 | S181: =VLOOKUP(D181,[2]Sheet1!$D:$S,16,0) -> 1400002521 | T181: =VLOOKUP(D181,[2]Sheet1!$D:$T,17,0) -> 6444
A182: SRIKARAM PRESCIENCE PVT. LTD. | B182: 2025 | C182: 45904 | D182: 1800012589 | E182: DR | F182: 45904 | G182: 256779417247 | H182: USD | I182: 108.12 | J182: INR | K182: 9462.05 | L182: PORT SSR Chgs Aug 25 | M182: =VLOOKUP(G182,Sheet2!$D$3:$H$171,3,) -> 9273 | N182: =K182-M182 -> 189.05 | O182: =N182/K182 -> 0.019979814 | Q182: =VLOOKUP(G182,'[1]TDS not in our Books'!$D:$H,5,0) -> 189 | R182: =K182-Q182 -> 9273.05 | S182: =VLOOKUP(D182,[2]Sheet1!$D:$S,16,0) -> 1400002521 | T182: =VLOOKUP(D182,[2]Sheet1!$D:$T,17,0) -> 1030
A183: SRIKARAM PRESCIENCE PVT. LTD. | B183: 2025 | C183: 45904 | D183: 1800012569 | E183: DR | F183: 45904 | G183: 256779417188 | H183: USD | I183: 140 | J183: INR | K183: 12252.01 | L183: Transportation In Chgs - 16 - 31 Aug 25 | M183: =VLOOKUP(G183,Sheet2!$D$3:$H$171,3,) -> 12007 | N183: =K183-M183 -> 245.01 | O183: =N183/K183 -> 0.019997535 | Q183: =VLOOKUP(G183,'[1]TDS not in our Books'!$D:$H,5,0) -> 245 | R183: =K183-Q183 -> 12007.01
A184: SRIKARAM PRESCIENCE PVT. LTD. | B184: 2025 | C184: 45904 | D184: 1800012650 | E184: DR | F184: 45904 | G184: 256779417290 | H184: USD | I184: 578.4 | J184: INR | K184: 50618.29 | L184: LCL chgs - 16 - 31 AUG 25 | M184: =VLOOKUP(G184,Sheet2!$D$3:$H$171,3,) -> 49606 | N184: =K184-M184 -> 1012.29 | O184: =N184/K184 -> 0.019998503 | Q184: =VLOOKUP(G184,'[1]TDS not in our Books'!$D:$H,5,0) -> 1012 | R184: =K184-Q184 -> 49606.29
A185: SRIKARAM PRESCIENCE PVT. LTD. | B185: 2025 | C185: 45904 | D185: 1800012728 | E185: DR | F185: 45904 | G185: 256779417362 | H185: USD | I185: 1800 | J185: INR | K185: 157525.79 | L185: Fixed Storage Charges for September 2025 | M185: =VLOOKUP(G185,Sheet2!$D$3:$H$171,3,) -> 141773 | N185: =K185-M185 -> 15752.79 | O185: =N185/K185 -> 0.10000134 | Q185: =VLOOKUP(G185,'[1]TDS not in our Books'!$D:$H,5,0) -> 15753 | R185: =K185-Q185 -> 141772.79
A186: SRIKARAM PRESCIENCE PVT. LTD. | B186: 2025 | C186: 45906 | D186: 1800012467 | E186: DR | F186: 45906 | G186: 256779417075 | H186: USD | I186: 1099.02 | J186: INR | K186: 96180 | L186: Unit-Storage-1-31 Aug 25 | M186: =VLOOKUP(G186,Sheet2!$D$3:$H$171,3,) -> 86562 | N186: =K186-M186 -> 9618 | O186: =N186/K186 -> 0.1 | Q186: =VLOOKUP(G186,'[1]TDS not in our Books'!$D:$H,5,0) -> 9618 | R186: =K186-Q186 -> 86562
A187: SRIKARAM PRESCIENCE PVT. LTD. | B187: 2025 | C187: 45917 | D187: 1800012790 | E187: DR | F187: 45917 | G187: 256779417444 | H187: USD | I187: 1326.2 | J187: INR | K187: 116061.5 | L187: VAS -1-15 Sept-25 | M187: =VLOOKUP(G187,Sheet2!$D$3:$H$171,3,) -> 113740 | N187: =K187-M187 -> 2321.5 | O187: =N187/K187 -> 0.020002326 | Q187: =VLOOKUP(G187,'[1]TDS not in our Books'!$D:$H,5,0) -> 2321 | R187: =K187-Q187 -> 113740.5
A188: SRIKARAM PRESCIENCE PVT. LTD. | B188: 2025 | C188: 45918 | D188: 1800012995 | E188: DR | F188: 45918 | G188: 256779417530 | H188: USD | I188: 41.3 | J188: INR | K188: 3614.34 | L188: Outbound chgs - 01 - 15 Sep 25 | M188: =VLOOKUP(G188,Sheet2!$D$3:$H$171,3,) -> 3542 | N188: =K188-M188 -> 72.34 | O188: =N188/K188 -> 0.020014719 | Q188: =VLOOKUP(G188,'[1]TDS not in our Books'!$D:$H,5,0) -> 72 | R188: =K188-Q188 -> 3542.34
A189: SRIKARAM PRESCIENCE PVT. LTD. | B189: 2025 | C189: 45918 | D189: 1800012932 | E189: DR | F189: 45918 | G189: 256779417571 | H189: USD | I189: 156.84 | J189: INR | K189: 13725.75 | L189: LCL chgs - 01 - 15 SEP 25 | M189: =VLOOKUP(G189,Sheet2!$D$3:$H$171,3,) -> 13451 | N189: =K189-M189 -> 274.75 | O189: =N189/K189 -> 0.020017121 | Q189: =VLOOKUP(G189,'[1]TDS not in our Books'!$D:$H,5,0) -> 275 | R189: =K189-Q189 -> 13450.75
A190: SRIKARAM PRESCIENCE PVT. LTD. | B190: 2025 | C190: 45935 | D190: 1800013308 | E190: DR | F190: 45935 | G190: 256779417904 | H190: USD | I190: 29.9 | J190: INR | K190: 2636.9 | L190: Empty Lolo Chgs - 01 - 30 SEP 25 | M190: =VLOOKUP(G190,Sheet2!$D$3:$H$171,3,) -> 2584 | N190: =K190-M190 -> 52.9 | O190: =N190/K190 -> 0.020061436 | Q190: =VLOOKUP(G190,'[1]TDS not in our Books'!$D:$H,5,0) -> 53 | R190: =K190-Q190 -> 2583.9
A191: SRIKARAM PRESCIENCE PVT. LTD. | B191: 2025 | C191: 45935 | D191: 1800013513 | E191: DR | F191: 45935 | G191: 256779418403 | H191: USD | I191: 51.34 | J191: INR | K191: 4527.71 | L191: PORT SSR Chgs Sep 25 | M191: =VLOOKUP(G191,Sheet2!$D$3:$H$171,3,) -> 4437 | N191: =K191-M191 -> 90.71 | O191: =N191/K191 -> 0.02003441 | Q191: =VLOOKUP(G191,'[1]TDS not in our Books'!$D:$H,5,0) -> 91 | R191: =K191-Q191 -> 4436.71
A192: SRIKARAM PRESCIENCE PVT. LTD. | B192: 2025 | C192: 45862 | D192: 1600001823 | E192: DG | F192: 45862 | G192: 256779421443 | H192: USD | I192: -29.25 | J192: INR | K192: -2515.02 | L192: Credit Note raised against 256779413888 | M192: =VLOOKUP(G192,Sheet2!$D$3:$H$171,3,) -> #N/A | Q192: =VLOOKUP(G192,'[1]TDS not in our Books'!$D:$H,5,0) -> #N/A
A193: SRIKARAM PRESCIENCE PVT. LTD. | B193: 2025 | C193: 45935 | D193: 1800013386 | E193: DR | F193: 45935 | G193: 256779417982 | H193: USD | I193: 156.08 | J193: INR | K193: 13764.82 | L193: Outbound chgs - 16 - 30 Sep 25 | M193: =VLOOKUP(G193,Sheet2!$D$3:$H$171,3,) -> 13490 | N193: =K193-M193 -> 274.82 | O193: =N193/K193 -> 0.01996539 | Q193: =VLOOKUP(G193,'[1]TDS not in our Books'!$D:$H,5,0) -> 275 | R193: =K193-Q193 -> 13489.82
...

Sheet DZ
A1: Customer Account: Name 1 | B1: Fiscal Year | C1: Posting Date | D1: Document Number | E1: Document Type | F1: Document Date | G1: Reference | H1: Document Currency Key | I1: Document Currency Value | J1: Company Code Currency Key | K1: Company Code Currency Value | L1: Text | M1: INOVICE TAGGING
A2: SRIKARAM PRESCIENCE PVT. LTD. | B2: 2025 | C2: 45796 | D2: 1400000021 | E2: DZ | F2: 45796 | H2: INR | I2: -285397.37 | J2: INR | K2: -283762.44 | L2: ICICN22025042926352474 | M2: #N/A
A3: SRIKARAM PRESCIENCE PVT. LTD. | B3: 2025 | C3: 45839 | D3: 1400000116 | E3: DZ | F3: 45832 | H3: INR | I3: -500000 | J3: INR | K3: -500000 | M3: #N/A
A4: SRIKARAM PRESCIENCE PVT. LTD. | B4: 2025 | C4: 45839 | D4: 1400000077 | E4: DZ | F4: 45832 | H4: INR | I4: -324702 | J4: INR | K4: -324702 | M4: #N/A
A5: SRIKARAM PRESCIENCE PVT. LTD. | B5: 2025 | C5: 45890 | D5: 1400000887 | E5: DZ | F5: 45890 | H5: INR | I5: -100000 | J5: INR | K5: -100000 | M5: #N/A
A6: SRIKARAM PRESCIENCE PVT. LTD. | B6: 2025 | C6: 45890 | D6: 1400000904 | E6: DZ | F6: 45890 | H6: INR | I6: -700000 | J6: INR | K6: -700000 | M6: #N/A
A7: SRIKARAM PRESCIENCE PVT. LTD. | B7: 2025 | C7: 45890 | D7: 1400000922 | E7: DZ | F7: 45890 | H7: INR | I7: -150000 | J7: INR | K7: -150000 | M7: #N/A
A8: SRIKARAM PRESCIENCE PVT. LTD. | B8: 2025 | C8: 45890 | D8: 1400000941 | E8: DZ | F8: 45890 | H8: INR | I8: -150000 | J8: INR | K8: -150000 | M8: #N/A
A9: SRIKARAM PRESCIENCE PVT. LTD. | B9: 2025 | C9: 45890 | D9: 1400000955 | E9: DZ | F9: 45890 | H9: INR | I9: -150000 | J9: INR | K9: -150000 | M9: #N/A
A10: SRIKARAM PRESCIENCE PVT. LTD. | B10: 2025 | C10: 45890 | D10: 1400000966 | E10: DZ | F10: 45890 | H10: INR | I10: -150000 | J10: INR | K10: -150000 | M10: #N/A
A11: SRIKARAM PRESCIENCE PVT. LTD. | B11: 2025 | C11: 45931 | D11: 1400001257 | E11: DZ | F11: 45931 | H11: INR | I11: -100000 | J11: INR | K11: -100000 | M11: #N/A
A12: SRIKARAM PRESCIENCE PVT. LTD. | B12: 2025 | C12: 45931 | D12: 1400001259 | E12: DZ | F12: 45931 | H12: INR | I12: -100000 | J12: INR | K12: -100000 | M12: #N/A
A13: SRIKARAM PRESCIENCE PVT. LTD. | B13: 2025 | C13: 45931 | D13: 1400001341 | E13: DZ | F13: 45931 | H13: INR | I13: -450000 | J13: INR | K13: -450000 | M13: #N/A
A14: SRIKARAM PRESCIENCE PVT. LTD. | B14: 2025 | C14: 45931 | D14: 1400001345 | E14: DZ | F14: 45931 | H14: INR | I14: -100000 | J14: INR | K14: -100000 | M14: #N/A
... A25: SRIKARAM PRESCIENCE PVT. LTD. | B25: 2026 | C25: 46045 | D25: 1400002521 | E25: DZ | F25: 46045 | H25: INR | I25: -150000 | J25: INR | K25: -150000 | M25: #N/A
A26: SRIKARAM PRESCIENCE PVT. LTD. | B26: 2026 | C26: 46055 | D26: 1400002594 | E26: DZ | F26: 46055 | G26: 2168964 | H26: INR | I26: -200000 | J26: INR | K26: -200000 | M26: #N/A
A27: SRIKARAM PRESCIENCE PVT. LTD. | B27: 2026 | C27: 46055 | D27: 1400002602 | E27: DZ | F27: 46055 | G27: 2168967 | H27: INR | I27: -200000 | J27: INR | K27: -200000 | M27: #N/A
